name_from,name_to,distance,price1,price2,price3,price4,price5
PEAGE DE TOULOUSE NORD OUEST,SAINT JORY,,0.8,1.4,2.3,3.0,0.4
PEAGE DE TOULOUSE NORD OUEST,EUROCENTRE,,1.3,2.4,3.4,4.5,0.7
PEAGE DE TOULOUSE NORD OUEST,MONTAUBAN,,3.2,5.5,8.3,10.2,2.2
PEAGE DE TOULOUSE NORD OUEST,CASTELSARRASIN,,6.0,9.4,13.5,18.2,3.6
PEAGE DE TOULOUSE NORD OUEST,VALENCE D AGEN,,8.2,12.7,19.1,23.9,5.0
PEAGE DE TOULOUSE NORD OUEST,AGEN,,10.8,16.8,23.6,32.4,6.4
PEAGE DE TOULOUSE NORD OUEST,AGEN OUEST,,12.5,19.7,28.0,38.3,7.3
PEAGE DE TOULOUSE NORD OUEST,AIGUILLON,,13.0,19.8,28.6,38.7,7.6
PEAGE DE TOULOUSE NORD OUEST,MARMANDE,,16.0,25.6,37.8,47.4,9.9
PEAGE DE TOULOUSE NORD OUEST,LA REOLE,,17.8,27.9,40.0,52.2,10.7
PEAGE DE TOULOUSE NORD OUEST,LANGON,,19.4,30.0,44.6,57.9,11.5
PEAGE DE TOULOUSE NORD OUEST,PODENSAC,,21.6,32.1,47.6,61.1,12.6
PEAGE DE TOULOUSE NORD OUEST,PEAGE DE SAINT SELVE,,22.2,35.0,51.0,64.9,13.7
PEAGE DE TOULOUSE NORD OUEST,BAZAS,,20.4,32.5,49.2,63.2,12.5
PEAGE DE TOULOUSE NORD OUEST,CAPTIEUX,,24.0,38.8,58.7,75.8,14.7
PEAGE DE TOULOUSE NORD OUEST,ROQUEFORT,,29.7,48.6,73.4,95.4,18.1
PEAGE DE TOULOUSE NORD OUEST,LE CALOY,,31.9,52.3,79.0,102.9,19.4
PEAGE DE TOULOUSE NORD OUEST,AIRE SUR ADOUR NORD,,37.3,61.6,91.2,121.4,22.6
PEAGE DE TOULOUSE NORD OUEST,AIRE SUR ADOUR SUD,,37.3,61.6,91.2,121.4,22.6
PEAGE DE TOULOUSE NORD OUEST,GARLIN,,37.4,61.7,91.3,121.5,22.7
PEAGE DE TOULOUSE NORD OUEST,THEZE,,43.1,71.6,100.5,131.2,26.1
PEAGE DE TOULOUSE NORD OUEST,PEAGE DE SAMES,,55.9,91.9,137.2,180.4,33.7
PEAGE DE TOULOUSE NORD OUEST,PEYREHORADE,,53.5,88.0,132.6,172.7,32.5
PEAGE DE TOULOUSE NORD OUEST,SALIES,,50.9,84.3,126.3,165.5,30.7
PEAGE DE TOULOUSE NORD OUEST,ORTHEZ,,50.0,82.7,123.8,162.8,30.2
PEAGE DE TOULOUSE NORD OUEST,ARTIX,,47.9,80.0,120.2,157.5,28.9
PEAGE DE TOULOUSE NORD OUEST,LESCAR,,47.3,78.8,118.7,155.8,28.6
PEAGE DE TOULOUSE NORD OUEST,PAU CENTRE,,48.2,79.9,120.2,157.6,29.1
PEAGE DE TOULOUSE NORD OUEST,SOUMOULOU,,48.8,81.1,121.9,160.2,29.6
PEAGE DE TOULOUSE NORD OUEST,TARBES OUEST,,51.6,84.7,127.0,167.2,31.1
PEAGE DE TOULOUSE NORD OUEST,TARBES EST,,52.0,85.1,128.1,168.4,31.4
PEAGE DE TOULOUSE NORD OUEST,TOURNAY,,52.3,86.4,129.5,170.0,31.6
PEAGE DE TOULOUSE NORD OUEST,CAPVERN,,53.2,87.3,131.5,172.0,32.2
PEAGE DE TOULOUSE NORD OUEST,LANNEMEZAN,,53.6,88.3,132.4,174.5,32.4
PEAGE DE TOULOUSE NORD OUEST,MONTREJEAU,,55.9,91.6,136.5,179.8,33.5
PEAGE DE TOULOUSE NORD OUEST,SAINT GAUDENS,,56.8,92.7,139.0,182.6,34.4
PEAGE DE TOULOUSE NORD OUEST,PEAGE DE LESTELLE,,60.5,98.1,147.0,192.0,36.1
SAINT JORY,PEAGE DE TOULOUSE NORD OUEST,,0.8,1.4,2.3,3.0,0.4
SAINT JORY,EUROCENTRE,,0.7,0.9,1.6,1.9,0.4
SAINT JORY,MONTAUBAN,,2.5,4.5,5.9,8.0,1.4
SAINT JORY,CASTELSARRASIN,,4.9,7.0,9.7,13.6,2.6
SAINT JORY,VALENCE D AGEN,,7.0,10.9,15.4,19.6,4.2
SAINT JORY,AGEN,,10.1,15.4,22.3,29.5,5.6
SAINT JORY,AGEN OUEST,,11.9,18.2,26.2,34.4,6.5
SAINT JORY,AIGUILLON,,12.0,18.4,26.7,35.0,6.8
SAINT JORY,MARMANDE,,15.7,23.8,31.9,42.0,8.8
SAINT JORY,LA REOLE,,17.3,24.2,35.2,46.1,9.6
SAINT JORY,LANGON,,18.5,28.4,39.0,53.8,11.0
SAINT JORY,PODENSAC,,20.5,30.8,42.0,59.5,11.6
SAINT JORY,PEAGE DE SAINT SELVE,,22.0,34.4,47.7,64.6,12.8
SAINT JORY,BAZAS,,20.0,31.3,43.6,60.3,11.9
SAINT JORY,CAPTIEUX,,23.6,37.6,53.1,72.9,14.1
SAINT JORY,ROQUEFORT,,29.3,47.4,67.8,92.5,17.5
SAINT JORY,LE CALOY,,31.5,51.1,73.4,100.0,18.8
SAINT JORY,AIRE SUR ADOUR NORD,,36.9,60.4,85.6,118.5,22.0
SAINT JORY,AIRE SUR ADOUR SUD,,36.9,60.4,85.6,118.5,22.0
SAINT JORY,GARLIN,,37.0,60.5,85.7,118.6,22.1
SAINT JORY,THEZE,,42.7,70.4,94.9,128.3,25.5
SAINT JORY,PEAGE DE SAMES,,55.5,90.7,131.6,177.5,33.1
SAINT JORY,PEYREHORADE,,53.1,86.8,127.0,169.8,31.9
SAINT JORY,SALIES,,50.5,83.1,120.7,162.6,30.1
SAINT JORY,ORTHEZ,,49.6,81.5,118.2,159.9,29.6
SAINT JORY,ARTIX,,47.5,78.8,114.6,154.6,28.3
SAINT JORY,LESCAR,,46.9,77.6,113.1,152.9,28.0
SAINT JORY,PAU CENTRE,,47.8,78.7,114.6,154.7,28.5
SAINT JORY,SOUMOULOU,,48.4,79.9,116.3,157.3,29.0
SAINT JORY,TARBES OUEST,,51.2,83.5,121.4,164.3,30.5
SAINT JORY,TARBES EST,,51.6,83.9,122.5,165.5,30.8
SAINT JORY,TOURNAY,,51.9,85.2,123.9,167.1,31.0
SAINT JORY,CAPVERN,,52.8,86.1,125.9,169.1,31.6
SAINT JORY,LANNEMEZAN,,53.2,87.1,126.8,171.6,31.8
SAINT JORY,MONTREJEAU,,55.5,90.4,130.9,176.9,32.9
SAINT JORY,SAINT GAUDENS,,56.4,91.5,133.4,179.7,33.8
SAINT JORY,PEAGE DE LESTELLE,,60.1,96.9,141.4,189.1,35.5
EUROCENTRE,PEAGE DE TOULOUSE NORD OUEST,,1.3,2.4,3.4,4.5,0.7
EUROCENTRE,SAINT JORY,,0.7,0.9,1.6,1.9,0.4
EUROCENTRE,MONTAUBAN,,1.7,2.7,4.3,5.5,1.1
EUROCENTRE,CASTELSARRASIN,,4.1,6.2,9.0,12.2,2.2
EUROCENTRE,VALENCE D AGEN,,6.1,9.0,14.4,18.2,3.9
EUROCENTRE,AGEN,,9.2,14.2,20.9,28.5,5.2
EUROCENTRE,AGEN OUEST,,10.7,16.7,24.1,33.1,6.1
EUROCENTRE,AIGUILLON,,11.4,16.9,24.4,33.6,6.4
EUROCENTRE,MARMANDE,,14.3,21.3,31.7,41.3,8.6
EUROCENTRE,LA REOLE,,15.9,23.5,34.3,45.1,9.3
EUROCENTRE,LANGON,,17.5,26.9,38.3,51.6,10.3
EUROCENTRE,PODENSAC,,19.7,29.1,41.2,54.5,11.3
EUROCENTRE,PEAGE DE SAINT SELVE,,21.8,32.9,46.6,60.6,12.4
EUROCENTRE,BAZAS,,18.8,29.0,42.7,58.0,11.4
EUROCENTRE,CAPTIEUX,,22.4,35.3,52.2,70.6,13.6
EUROCENTRE,ROQUEFORT,,28.1,45.1,66.9,90.2,17.0
EUROCENTRE,LE CALOY,,30.3,48.8,72.5,97.7,18.3
EUROCENTRE,AIRE SUR ADOUR NORD,,35.7,58.1,84.7,116.2,21.5
EUROCENTRE,AIRE SUR ADOUR SUD,,35.7,58.1,84.7,116.2,21.5
EUROCENTRE,GARLIN,,35.8,58.2,84.8,116.3,21.6
EUROCENTRE,THEZE,,41.5,68.1,94.0,126.0,25.0
EUROCENTRE,PEAGE DE SAMES,,54.3,88.4,130.7,175.2,32.6
EUROCENTRE,PEYREHORADE,,51.9,84.5,126.1,167.5,31.4
EUROCENTRE,SALIES,,49.3,80.8,119.8,160.3,29.6
EUROCENTRE,ORTHEZ,,48.4,79.2,117.3,157.6,29.1
EUROCENTRE,ARTIX,,46.3,76.5,113.7,152.3,27.8
EUROCENTRE,LESCAR,,45.7,75.3,112.2,150.6,27.5
EUROCENTRE,PAU CENTRE,,46.6,76.4,113.7,152.4,28.0
EUROCENTRE,SOUMOULOU,,47.2,77.6,115.4,155.0,28.5
EUROCENTRE,TARBES OUEST,,50.0,81.2,120.5,162.0,30.0
EUROCENTRE,TARBES EST,,50.4,81.6,121.6,163.2,30.3
EUROCENTRE,TOURNAY,,50.7,82.9,123.0,164.8,30.5
EUROCENTRE,CAPVERN,,51.6,83.8,125.0,166.8,31.1
EUROCENTRE,LANNEMEZAN,,52.0,84.8,125.9,169.3,31.3
EUROCENTRE,MONTREJEAU,,54.3,88.1,130.0,174.6,32.4
EUROCENTRE,SAINT GAUDENS,,55.2,89.2,132.5,177.4,33.3
EUROCENTRE,PEAGE DE LESTELLE,,58.9,94.6,140.5,186.8,35.0
MONTAUBAN,PEAGE DE TOULOUSE NORD OUEST,,3.2,5.5,8.3,10.2,2.2
MONTAUBAN,SAINT JORY,,2.5,4.5,5.9,8.0,1.4
MONTAUBAN,EUROCENTRE,,1.7,2.7,4.3,5.5,1.1
MONTAUBAN,CASTELSARRASIN,,2.2,3.5,4.8,6.3,1.3
MONTAUBAN,VALENCE D AGEN,,4.3,6.9,9.5,13.1,2.7
MONTAUBAN,AGEN,,7.1,11.8,16.0,22.0,4.2
MONTAUBAN,AGEN OUEST,,8.5,14.0,19.3,26.5,5.0
MONTAUBAN,AIGUILLON,,9.7,14.2,20.8,27.5,5.5
MONTAUBAN,MARMANDE,,13.2,20.8,28.6,36.6,7.9
MONTAUBAN,LA REOLE,,14.7,22.3,31.7,40.5,8.9
MONTAUBAN,LANGON,,16.2,24.6,34.7,46.2,9.5
MONTAUBAN,PODENSAC,,18.1,26.1,36.4,48.2,10.1
MONTAUBAN,PEAGE DE SAINT SELVE,,19.8,30.1,43.6,57.0,11.5
MONTAUBAN,BAZAS,,17.9,27.6,39.1,52.6,10.5
MONTAUBAN,CAPTIEUX,,21.5,33.9,48.6,65.2,12.7
MONTAUBAN,ROQUEFORT,,27.2,43.7,63.3,84.8,16.1
MONTAUBAN,LE CALOY,,29.4,47.4,68.9,92.3,17.4
MONTAUBAN,AIRE SUR ADOUR NORD,,34.8,56.7,81.1,110.8,20.6
MONTAUBAN,AIRE SUR ADOUR SUD,,34.8,56.7,81.1,110.8,20.6
MONTAUBAN,GARLIN,,34.9,56.8,81.2,110.9,20.7
MONTAUBAN,THEZE,,40.6,66.7,90.4,120.6,24.1
MONTAUBAN,PEAGE DE SAMES,,53.4,87.0,127.1,169.8,31.7
MONTAUBAN,PEYREHORADE,,51.0,83.1,122.5,162.1,30.5
MONTAUBAN,SALIES,,48.4,79.4,116.2,154.9,28.7
MONTAUBAN,ORTHEZ,,47.5,77.8,113.7,152.2,28.2
MONTAUBAN,ARTIX,,45.4,75.1,110.1,146.9,26.9
MONTAUBAN,LESCAR,,44.8,73.9,108.6,145.2,26.6
MONTAUBAN,PAU CENTRE,,45.7,75.0,110.1,147.0,27.1
MONTAUBAN,SOUMOULOU,,46.3,76.2,111.8,149.6,27.6
MONTAUBAN,TARBES OUEST,,49.1,79.8,116.9,156.6,29.1
MONTAUBAN,TARBES EST,,49.5,80.2,118.0,157.8,29.4
MONTAUBAN,TOURNAY,,49.8,81.5,119.4,159.4,29.6
MONTAUBAN,CAPVERN,,50.7,82.4,121.4,161.4,30.2
MONTAUBAN,LANNEMEZAN,,51.1,83.4,122.3,163.9,30.4
MONTAUBAN,MONTREJEAU,,53.4,86.7,126.4,169.2,31.5
MONTAUBAN,SAINT GAUDENS,,54.3,87.8,128.9,172.0,32.4
MONTAUBAN,PEAGE DE LESTELLE,,58.0,93.2,136.9,181.4,34.1
CASTELSARRASIN,PEAGE DE TOULOUSE NORD OUEST,,6.0,9.4,13.5,18.2,3.6
CASTELSARRASIN,SAINT JORY,,4.9,7.0,9.7,13.6,2.6
CASTELSARRASIN,EUROCENTRE,,4.1,6.2,9.0,12.2,2.2
CASTELSARRASIN,MONTAUBAN,,2.2,3.5,4.8,6.3,1.3
CASTELSARRASIN,VALENCE D AGEN,,1.8,2.8,4.3,5.5,1.0
CASTELSARRASIN,AGEN,,4.4,7.1,10.5,14.0,3.0
CASTELSARRASIN,AGEN OUEST,,5.5,8.6,13.1,17.5,3.6
CASTELSARRASIN,AIGUILLON,,6.8,10.7,14.7,19.4,4.1
CASTELSARRASIN,MARMANDE,,10.3,16.4,22.9,31.1,6.2
CASTELSARRASIN,LA REOLE,,12.3,18.6,25.6,35.0,7.2
CASTELSARRASIN,LANGON,,14.2,21.9,29.3,38.6,8.1
CASTELSARRASIN,PODENSAC,,15.3,23.0,32.7,41.9,8.7
CASTELSARRASIN,PEAGE DE SAINT SELVE,,17.3,26.7,37.5,47.9,10.2
CASTELSARRASIN,BAZAS,,15.4,24.3,34.1,45.1,9.1
CASTELSARRASIN,CAPTIEUX,,19.0,30.6,43.6,57.7,11.3
CASTELSARRASIN,ROQUEFORT,,24.7,40.4,58.3,77.3,14.7
CASTELSARRASIN,LE CALOY,,26.9,44.1,63.9,84.8,16.0
CASTELSARRASIN,AIRE SUR ADOUR NORD,,32.3,53.4,76.1,103.3,19.2
CASTELSARRASIN,AIRE SUR ADOUR SUD,,32.3,53.4,76.1,103.3,19.2
CASTELSARRASIN,GARLIN,,32.4,53.5,76.2,103.4,19.3
CASTELSARRASIN,THEZE,,38.1,63.4,85.4,113.1,22.7
CASTELSARRASIN,PEAGE DE SAMES,,50.9,83.7,122.1,162.3,30.3
CASTELSARRASIN,PEYREHORADE,,48.5,79.8,117.5,154.6,29.1
CASTELSARRASIN,SALIES,,45.9,76.1,111.2,147.4,27.3
CASTELSARRASIN,ORTHEZ,,45.0,74.5,108.7,144.7,26.8
CASTELSARRASIN,ARTIX,,42.9,71.8,105.1,139.4,25.5
CASTELSARRASIN,LESCAR,,42.3,70.6,103.6,137.7,25.2
CASTELSARRASIN,PAU CENTRE,,43.2,71.7,105.1,139.5,25.7
CASTELSARRASIN,SOUMOULOU,,43.8,72.9,106.8,142.1,26.2
CASTELSARRASIN,TARBES OUEST,,46.6,76.5,111.9,149.1,27.7
CASTELSARRASIN,TARBES EST,,47.0,76.9,113.0,150.3,28.0
CASTELSARRASIN,TOURNAY,,47.3,78.2,114.4,151.9,28.2
CASTELSARRASIN,CAPVERN,,48.2,79.1,116.4,153.9,28.8
CASTELSARRASIN,LANNEMEZAN,,48.6,80.1,117.3,156.4,29.0
CASTELSARRASIN,MONTREJEAU,,50.9,83.4,121.4,161.7,30.1
CASTELSARRASIN,SAINT GAUDENS,,51.8,84.5,123.9,164.5,31.0
CASTELSARRASIN,PEAGE DE LESTELLE,,55.5,89.9,131.9,173.9,32.7
VALENCE D AGEN,PEAGE DE TOULOUSE NORD OUEST,,8.2,12.7,19.1,23.9,5.0
VALENCE D AGEN,SAINT JORY,,7.0,10.9,15.4,19.6,4.2
VALENCE D AGEN,EUROCENTRE,,6.1,9.0,14.4,18.2,3.9
VALENCE D AGEN,MONTAUBAN,,4.3,6.9,9.5,13.1,2.7
VALENCE D AGEN,CASTELSARRASIN,,1.8,2.8,4.3,5.5,1.0
VALENCE D AGEN,AGEN,,2.2,3.6,4.8,6.5,1.2
VALENCE D AGEN,AGEN OUEST,,2.9,4.9,6.7,9.0,1.6
VALENCE D AGEN,AIGUILLON,,4.5,7.5,10.8,14.3,2.9
VALENCE D AGEN,MARMANDE,,8.3,12.4,16.9,23.5,4.9
VALENCE D AGEN,LA REOLE,,9.4,15.6,21.0,28.2,6.1
VALENCE D AGEN,LANGON,,11.6,18.2,24.3,34.0,7.3
VALENCE D AGEN,PODENSAC,,13.1,20.2,27.5,38.3,7.9
VALENCE D AGEN,PEAGE DE SAINT SELVE,,14.5,22.3,31.7,41.5,8.8
VALENCE D AGEN,BAZAS,,13.1,21.2,29.2,40.5,8.3
VALENCE D AGEN,CAPTIEUX,,16.7,27.5,38.7,53.1,10.5
VALENCE D AGEN,ROQUEFORT,,22.4,37.3,53.4,72.7,13.9
VALENCE D AGEN,LE CALOY,,24.6,41.0,59.0,80.2,15.2
VALENCE D AGEN,AIRE SUR ADOUR NORD,,30.0,50.3,71.2,98.7,18.4
VALENCE D AGEN,AIRE SUR ADOUR SUD,,30.0,50.3,71.2,98.7,18.4
VALENCE D AGEN,GARLIN,,30.1,50.4,71.3,98.8,18.5
VALENCE D AGEN,THEZE,,35.8,60.3,80.5,108.5,21.9
VALENCE D AGEN,PEAGE DE SAMES,,48.6,80.6,117.2,157.7,29.5
VALENCE D AGEN,PEYREHORADE,,46.2,76.7,112.6,150.0,28.3
VALENCE D AGEN,SALIES,,43.6,73.0,106.3,142.8,26.5
VALENCE D AGEN,ORTHEZ,,42.7,71.4,103.8,140.1,26.0
VALENCE D AGEN,ARTIX,,40.6,68.7,100.2,134.8,24.7
VALENCE D AGEN,LESCAR,,40.0,67.5,98.7,133.1,24.4
VALENCE D AGEN,PAU CENTRE,,40.9,68.6,100.2,134.9,24.9
VALENCE D AGEN,SOUMOULOU,,41.5,69.8,101.9,137.5,25.4
VALENCE D AGEN,TARBES OUEST,,44.3,73.4,107.0,144.5,26.9
VALENCE D AGEN,TARBES EST,,44.7,73.8,108.1,145.7,27.2
VALENCE D AGEN,TOURNAY,,45.0,75.1,109.5,147.3,27.4
VALENCE D AGEN,CAPVERN,,45.9,76.0,111.5,149.3,28.0
VALENCE D AGEN,LANNEMEZAN,,46.3,77.0,112.4,151.8,28.2
VALENCE D AGEN,MONTREJEAU,,48.6,80.3,116.5,157.1,29.3
VALENCE D AGEN,SAINT GAUDENS,,49.5,81.4,119.0,159.9,30.2
VALENCE D AGEN,PEAGE DE LESTELLE,,53.2,86.8,127.0,169.3,31.9
AGEN,PEAGE DE TOULOUSE NORD OUEST,,10.8,16.8,23.6,32.4,6.4
AGEN,SAINT JORY,,10.1,15.4,22.3,29.5,5.6
AGEN,EUROCENTRE,,9.2,14.2,20.9,28.5,5.2
AGEN,MONTAUBAN,,7.1,11.8,16.0,22.0,4.2
AGEN,CASTELSARRASIN,,4.4,7.1,10.5,14.0,3.0
AGEN,VALENCE D AGEN,,2.2,3.6,4.8,6.5,1.2
AGEN,AGEN OUEST,,0.5,0.8,1.1,1.4,0.3
AGEN,AIGUILLON,,2.6,4.1,5.9,7.3,1.6
AGEN,MARMANDE,,5.1,8.2,11.0,14.6,3.0
AGEN,LA REOLE,,6.9,10.5,15.2,20.0,4.2
AGEN,LANGON,,8.4,13.2,18.6,24.7,5.3
AGEN,PODENSAC,,9.1,14.5,21.4,27.0,5.8
AGEN,PEAGE DE SAINT SELVE,,11.9,18.4,26.2,34.3,6.9
AGEN,BAZAS,,10.0,16.4,23.6,31.0,6.1
AGEN,CAPTIEUX,,13.6,22.7,33.1,43.6,8.3
AGEN,ROQUEFORT,,19.3,32.5,47.8,63.2,11.7
AGEN,LE CALOY,,21.5,36.2,53.4,70.7,13.0
AGEN,AIRE SUR ADOUR NORD,,26.9,45.5,65.6,89.2,16.2
AGEN,AIRE SUR ADOUR SUD,,26.9,45.5,65.6,89.2,16.2
AGEN,GARLIN,,27.0,45.6,65.7,89.3,16.3
AGEN,THEZE,,32.7,55.5,74.9,99.0,19.7
AGEN,PEAGE DE SAMES,,45.5,75.8,111.6,148.2,27.3
AGEN,PEYREHORADE,,43.1,71.9,107.0,140.5,26.1
AGEN,SALIES,,40.5,68.2,100.7,133.3,24.3
AGEN,ORTHEZ,,39.6,66.6,98.2,130.6,23.8
AGEN,ARTIX,,37.5,63.9,94.6,125.3,22.5
AGEN,LESCAR,,36.9,62.7,93.1,123.6,22.2
AGEN,PAU CENTRE,,37.8,63.8,94.6,125.4,22.7
AGEN,SOUMOULOU,,38.4,65.0,96.3,128.0,23.2
AGEN,TARBES OUEST,,41.2,68.6,101.4,135.0,24.7
AGEN,TARBES EST,,41.6,69.0,102.5,136.2,25.0
AGEN,TOURNAY,,41.9,70.3,103.9,137.8,25.2
AGEN,CAPVERN,,42.8,71.2,105.9,139.8,25.8
AGEN,LANNEMEZAN,,43.2,72.2,106.8,142.3,26.0
AGEN,MONTREJEAU,,45.5,75.5,110.9,147.6,27.1
AGEN,SAINT GAUDENS,,46.4,76.6,113.4,150.4,28.0
AGEN,PEAGE DE LESTELLE,,50.1,82.0,121.4,159.8,29.7
AGEN OUEST,PEAGE DE TOULOUSE NORD OUEST,,12.5,19.7,28.0,38.3,7.3
AGEN OUEST,SAINT JORY,,11.9,18.2,26.2,34.4,6.5
AGEN OUEST,EUROCENTRE,,10.7,16.7,24.1,33.1,6.1
AGEN OUEST,MONTAUBAN,,8.5,14.0,19.3,26.5,5.0
AGEN OUEST,CASTELSARRASIN,,5.5,8.6,13.1,17.5,3.6
AGEN OUEST,VALENCE D AGEN,,2.9,4.9,6.7,9.0,1.6
AGEN OUEST,AGEN,,0.5,0.8,1.1,1.4,0.3
AGEN OUEST,AIGUILLON,,2.5,3.9,5.6,7.2,1.5
AGEN OUEST,MARMANDE,,5.0,8.1,10.8,14.4,2.9
AGEN OUEST,LA REOLE,,6.8,10.4,15.0,19.8,4.1
AGEN OUEST,LANGON,,8.3,13.0,18.4,24.5,5.2
AGEN OUEST,PODENSAC,,9.0,14.2,21.2,26.8,5.7
AGEN OUEST,PEAGE DE SAINT SELVE,,11.8,18.2,26.0,34.1,6.8
AGEN OUEST,BAZAS,,9.9,16.3,23.4,30.8,6.0
AGEN OUEST,CAPTIEUX,,13.5,22.6,32.9,43.4,8.2
AGEN OUEST,ROQUEFORT,,19.2,32.4,47.6,63.0,11.6
AGEN OUEST,LE CALOY,,21.4,36.1,53.2,70.5,12.9
AGEN OUEST,AIRE SUR ADOUR NORD,,26.8,45.4,65.4,89.0,16.1
AGEN OUEST,AIRE SUR ADOUR SUD,,26.8,45.4,65.4,89.0,16.1
AGEN OUEST,GARLIN,,26.9,45.5,65.5,89.1,16.2
AGEN OUEST,THEZE,,32.6,55.4,74.7,98.8,19.6
AGEN OUEST,PEAGE DE SAMES,,45.4,75.7,111.4,148.0,27.2
AGEN OUEST,PEYREHORADE,,43.0,71.8,106.8,140.3,26.0
AGEN OUEST,SALIES,,40.4,68.1,100.5,133.1,24.2
AGEN OUEST,ORTHEZ,,39.5,66.5,98.0,130.4,23.7
AGEN OUEST,ARTIX,,37.4,63.8,94.4,125.1,22.4
AGEN OUEST,LESCAR,,36.8,62.6,92.9,123.4,22.1
AGEN OUEST,PAU CENTRE,,37.7,63.7,94.4,125.2,22.6
AGEN OUEST,SOUMOULOU,,38.3,64.9,96.1,127.8,23.1
AGEN OUEST,TARBES OUEST,,41.1,68.5,101.2,134.8,24.6
AGEN OUEST,TARBES EST,,41.5,68.9,102.3,136.0,24.9
AGEN OUEST,TOURNAY,,41.8,70.2,103.7,137.6,25.1
AGEN OUEST,CAPVERN,,42.7,71.1,105.7,139.6,25.7
AGEN OUEST,LANNEMEZAN,,43.1,72.1,106.6,142.1,25.9
AGEN OUEST,MONTREJEAU,,45.4,75.4,110.7,147.4,27.0
AGEN OUEST,SAINT GAUDENS,,46.3,76.5,113.2,150.2,27.9
AGEN OUEST,PEAGE DE LESTELLE,,50.0,81.9,121.2,159.6,29.6
AIGUILLON,PEAGE DE TOULOUSE NORD OUEST,,13.0,19.8,28.6,38.7,7.6
AIGUILLON,SAINT JORY,,12.0,18.4,26.7,35.0,6.8
AIGUILLON,EUROCENTRE,,11.4,16.9,24.4,33.6,6.4
AIGUILLON,MONTAUBAN,,9.7,14.2,20.8,27.5,5.5
AIGUILLON,CASTELSARRASIN,,6.8,10.7,14.7,19.4,4.1
AIGUILLON,VALENCE D AGEN,,4.5,7.5,10.8,14.3,2.9
AIGUILLON,AGEN,,2.6,4.1,5.9,7.3,1.6
AIGUILLON,AGEN OUEST,,2.5,3.9,5.6,7.2,1.5
AIGUILLON,MARMANDE,,2.2,3.6,4.7,6.4,1.2
AIGUILLON,LA REOLE,,4.0,5.9,9.0,11.9,2.5
AIGUILLON,LANGON,,5.5,8.4,12.2,16.3,3.5
AIGUILLON,PODENSAC,,6.6,9.7,14.7,18.5,3.8
AIGUILLON,PEAGE DE SAINT SELVE,,8.5,12.9,18.8,24.6,4.8
AIGUILLON,BAZAS,,7.2,11.6,17.1,22.7,4.3
AIGUILLON,CAPTIEUX,,10.8,17.9,26.6,35.3,6.5
AIGUILLON,ROQUEFORT,,16.5,27.7,41.3,54.9,9.9
AIGUILLON,LE CALOY,,18.7,31.4,46.9,62.4,11.2
AIGUILLON,AIRE SUR ADOUR NORD,,24.1,40.7,59.1,80.9,14.4
AIGUILLON,AIRE SUR ADOUR SUD,,24.1,40.7,59.1,80.9,14.4
AIGUILLON,GARLIN,,24.2,40.8,59.2,81.0,14.5
AIGUILLON,THEZE,,29.9,50.7,68.4,90.7,17.9
AIGUILLON,PEAGE DE SAMES,,42.7,71.0,105.1,139.9,25.5
AIGUILLON,PEYREHORADE,,40.3,67.1,100.5,132.2,24.3
AIGUILLON,SALIES,,37.7,63.4,94.2,125.0,22.5
AIGUILLON,ORTHEZ,,36.8,61.8,91.7,122.3,22.0
AIGUILLON,ARTIX,,34.7,59.1,88.1,117.0,20.7
AIGUILLON,LESCAR,,34.1,57.9,86.6,115.3,20.4
AIGUILLON,PAU CENTRE,,35.0,59.0,88.1,117.1,20.9
AIGUILLON,SOUMOULOU,,35.6,60.2,89.8,119.7,21.4
AIGUILLON,TARBES OUEST,,38.4,63.8,94.9,126.7,22.9
AIGUILLON,TARBES EST,,38.8,64.2,96.0,127.9,23.2
AIGUILLON,TOURNAY,,39.1,65.5,97.4,129.5,23.4
AIGUILLON,CAPVERN,,40.0,66.4,99.4,131.5,24.0
AIGUILLON,LANNEMEZAN,,40.4,67.4,100.3,134.0,24.2
AIGUILLON,MONTREJEAU,,42.7,70.7,104.4,139.3,25.3
AIGUILLON,SAINT GAUDENS,,43.6,71.8,106.9,142.1,26.2
AIGUILLON,PEAGE DE LESTELLE,,47.3,77.2,114.9,151.5,27.9
MARMANDE,PEAGE DE TOULOUSE NORD OUEST,,16.0,25.6,37.8,47.4,9.9
MARMANDE,SAINT JORY,,15.7,23.8,31.9,42.0,8.8
MARMANDE,EUROCENTRE,,14.3,21.3,31.7,41.3,8.6
MARMANDE,MONTAUBAN,,13.2,20.8,28.6,36.6,7.9
MARMANDE,CASTELSARRASIN,,10.3,16.4,22.9,31.1,6.2
MARMANDE,VALENCE D AGEN,,8.3,12.4,16.9,23.5,4.9
MARMANDE,AGEN,,5.1,8.2,11.0,14.6,3.0
MARMANDE,AGEN OUEST,,5.0,8.1,10.8,14.4,2.9
MARMANDE,AIGUILLON,,2.2,3.6,4.7,6.4,1.2
MARMANDE,LA REOLE,,1.5,2.6,3.9,4.5,0.9
MARMANDE,LANGON,,3.2,5.1,7.0,8.9,1.9
MARMANDE,PODENSAC,,4.9,7.2,9.9,13.4,2.8
MARMANDE,PEAGE DE SAINT SELVE,,5.9,9.7,14.2,18.3,3.8
MARMANDE,BAZAS,,5.1,8.5,12.1,15.8,3.0
MARMANDE,CAPTIEUX,,8.7,14.8,21.6,28.4,5.2
MARMANDE,ROQUEFORT,,14.4,24.6,36.3,48.0,8.6
MARMANDE,LE CALOY,,16.6,28.3,41.9,55.5,9.9
MARMANDE,AIRE SUR ADOUR NORD,,22.0,37.6,54.1,74.0,13.1
MARMANDE,AIRE SUR ADOUR SUD,,22.0,37.6,54.1,74.0,13.1
MARMANDE,GARLIN,,22.1,37.7,54.2,74.1,13.2
MARMANDE,THEZE,,27.8,47.6,63.4,83.8,16.6
MARMANDE,PEAGE DE SAMES,,40.6,67.9,100.1,133.0,24.2
MARMANDE,PEYREHORADE,,38.2,64.0,95.5,125.3,23.0
MARMANDE,SALIES,,35.6,60.3,89.2,118.1,21.2
MARMANDE,ORTHEZ,,34.7,58.7,86.7,115.4,20.7
MARMANDE,ARTIX,,32.6,56.0,83.1,110.1,19.4
MARMANDE,LESCAR,,32.0,54.8,81.6,108.4,19.1
MARMANDE,PAU CENTRE,,32.9,55.9,83.1,110.2,19.6
MARMANDE,SOUMOULOU,,33.5,57.1,84.8,112.8,20.1
MARMANDE,TARBES OUEST,,36.3,60.7,89.9,119.8,21.6
MARMANDE,TARBES EST,,36.7,61.1,91.0,121.0,21.9
MARMANDE,TOURNAY,,37.0,62.4,92.4,122.6,22.1
MARMANDE,CAPVERN,,37.9,63.3,94.4,124.6,22.7
MARMANDE,LANNEMEZAN,,38.3,64.3,95.3,127.1,22.9
MARMANDE,MONTREJEAU,,40.6,67.6,99.4,132.4,24.0
MARMANDE,SAINT GAUDENS,,41.5,68.7,101.9,135.2,24.9
MARMANDE,PEAGE DE LESTELLE,,45.2,74.1,109.9,144.6,26.6
LA REOLE,PEAGE DE TOULOUSE NORD OUEST,,17.8,27.9,40.0,52.2,10.7
LA REOLE,SAINT JORY,,17.3,24.2,35.2,46.1,9.6
LA REOLE,EUROCENTRE,,15.9,23.5,34.3,45.1,9.3
LA REOLE,MONTAUBAN,,14.7,22.3,31.7,40.5,8.9
LA REOLE,CASTELSARRASIN,,12.3,18.6,25.6,35.0,7.2
LA REOLE,VALENCE D AGEN,,9.4,15.6,21.0,28.2,6.1
LA REOLE,AGEN,,6.9,10.5,15.2,20.0,4.2
LA REOLE,AGEN OUEST,,6.8,10.4,15.0,19.8,4.1
LA REOLE,AIGUILLON,,4.0,5.9,9.0,11.9,2.5
LA REOLE,MARMANDE,,1.5,2.6,3.9,4.5,0.9
LA REOLE,LANGON,,1.8,2.8,3.8,4.9,1.0
LA REOLE,PODENSAC,,3.3,4.6,7.0,8.5,1.7
LA REOLE,PEAGE DE SAINT SELVE,,4.3,7.2,9.5,12.7,2.8
LA REOLE,BAZAS,,3.5,5.9,8.4,10.7,2.0
LA REOLE,CAPTIEUX,,7.1,12.2,17.9,23.3,4.2
LA REOLE,ROQUEFORT,,12.8,22.0,32.6,42.9,7.6
LA REOLE,LE CALOY,,15.0,25.7,38.2,50.4,8.9
LA REOLE,AIRE SUR ADOUR NORD,,20.4,35.0,50.4,68.9,12.1
LA REOLE,AIRE SUR ADOUR SUD,,20.4,35.0,50.4,68.9,12.1
LA REOLE,GARLIN,,20.5,35.1,50.5,69.0,12.2
LA REOLE,THEZE,,26.2,45.0,59.7,78.7,15.6
LA REOLE,PEAGE DE SAMES,,39.0,65.3,96.4,127.9,23.2
LA REOLE,PEYREHORADE,,36.6,61.4,91.8,120.2,22.0
LA REOLE,SALIES,,34.0,57.7,85.5,113.0,20.2
LA REOLE,ORTHEZ,,33.1,56.1,83.0,110.3,19.7
LA REOLE,ARTIX,,31.0,53.4,79.4,105.0,18.4
LA REOLE,LESCAR,,30.4,52.2,77.9,103.3,18.1
LA REOLE,PAU CENTRE,,31.3,53.3,79.4,105.1,18.6
LA REOLE,SOUMOULOU,,31.9,54.5,81.1,107.7,19.1
LA REOLE,TARBES OUEST,,34.7,58.1,86.2,114.7,20.6
LA REOLE,TARBES EST,,35.1,58.5,87.3,115.9,20.9
LA REOLE,TOURNAY,,35.4,59.8,88.7,117.5,21.1
LA REOLE,CAPVERN,,36.3,60.7,90.7,119.5,21.7
LA REOLE,LANNEMEZAN,,36.7,61.7,91.6,122.0,21.9
LA REOLE,MONTREJEAU,,39.0,65.0,95.7,127.3,23.0
LA REOLE,SAINT GAUDENS,,39.9,66.1,98.2,130.1,23.9
LA REOLE,PEAGE DE LESTELLE,,43.6,71.5,106.2,139.5,25.6
LANGON,PEAGE DE TOULOUSE NORD OUEST,,19.4,30.0,44.6,57.9,11.5
LANGON,SAINT JORY,,18.5,28.4,39.0,53.8,11.0
LANGON,EUROCENTRE,,17.5,26.9,38.3,51.6,10.3
LANGON,MONTAUBAN,,16.2,24.6,34.7,46.2,9.5
LANGON,CASTELSARRASIN,,14.2,21.9,29.3,38.6,8.1
LANGON,VALENCE D AGEN,,11.6,18.2,24.3,34.0,7.3
LANGON,AGEN,,8.4,13.2,18.6,24.7,5.3
LANGON,AGEN OUEST,,8.3,13.0,18.4,24.5,5.2
LANGON,AIGUILLON,,5.5,8.4,12.2,16.3,3.5
LANGON,MARMANDE,,3.2,5.1,7.0,8.9,1.9
LANGON,LA REOLE,,1.8,2.8,3.8,4.9,1.0
LANGON,PODENSAC,,1.1,1.9,2.4,3.3,0.6
LANGON,PEAGE DE SAINT SELVE,,2.3,3.6,5.1,6.5,1.4
LANGON,BAZAS,,2.8,4.5,6.6,8.8,1.6
LANGON,CAPTIEUX,,6.4,10.8,16.1,21.4,3.8
LANGON,ROQUEFORT,,12.1,20.6,30.8,41.0,7.2
LANGON,LE CALOY,,14.3,24.3,36.4,48.5,8.5
LANGON,AIRE SUR ADOUR NORD,,19.7,33.6,48.6,67.0,11.7
LANGON,AIRE SUR ADOUR SUD,,19.7,33.6,48.6,67.0,11.7
LANGON,GARLIN,,19.8,33.7,48.7,67.1,11.8
LANGON,THEZE,,25.5,43.6,57.9,76.8,15.2
LANGON,PEAGE DE SAMES,,38.3,63.9,94.6,126.0,22.8
LANGON,PEYREHORADE,,35.9,60.0,90.0,118.3,21.6
LANGON,SALIES,,33.3,56.3,83.7,111.1,19.8
LANGON,ORTHEZ,,32.4,54.7,81.2,108.4,19.3
LANGON,ARTIX,,30.3,52.0,77.6,103.1,18.0
LANGON,LESCAR,,29.7,50.8,76.1,101.4,17.7
LANGON,PAU CENTRE,,30.6,51.9,77.6,103.2,18.2
LANGON,SOUMOULOU,,31.2,53.1,79.3,105.8,18.7
LANGON,TARBES OUEST,,34.0,56.7,84.4,112.8,20.2
LANGON,TARBES EST,,34.4,57.1,85.5,114.0,20.5
LANGON,TOURNAY,,34.7,58.4,86.9,115.6,20.7
LANGON,CAPVERN,,35.6,59.3,88.9,117.6,21.3
LANGON,LANNEMEZAN,,36.0,60.3,89.8,120.1,21.5
LANGON,MONTREJEAU,,38.3,63.6,93.9,125.4,22.6
LANGON,SAINT GAUDENS,,39.2,64.7,96.4,128.2,23.5
LANGON,PEAGE DE LESTELLE,,42.9,70.1,104.4,137.6,25.2
PODENSAC,PEAGE DE TOULOUSE NORD OUEST,,21.6,32.1,47.6,61.1,12.6
PODENSAC,SAINT JORY,,20.5,30.8,42.0,59.5,11.6
PODENSAC,EUROCENTRE,,19.7,29.1,41.2,54.5,11.3
PODENSAC,MONTAUBAN,,18.1,26.1,36.4,48.2,10.1
PODENSAC,CASTELSARRASIN,,15.3,23.0,32.7,41.9,8.7
PODENSAC,VALENCE D AGEN,,13.1,20.2,27.5,38.3,7.9
PODENSAC,AGEN,,9.1,14.5,21.4,27.0,5.8
PODENSAC,AGEN OUEST,,9.0,14.2,21.2,26.8,5.7
PODENSAC,AIGUILLON,,6.6,9.7,14.7,18.5,3.8
PODENSAC,MARMANDE,,4.9,7.2,9.9,13.4,2.8
PODENSAC,LA REOLE,,3.3,4.6,7.0,8.5,1.7
PODENSAC,LANGON,,1.1,1.9,2.4,3.3,0.6
PODENSAC,PEAGE DE SAINT SELVE,,1.3,2.2,3.3,3.9,0.7
PODENSAC,BAZAS,,4.1,6.6,9.3,12.4,2.4
PODENSAC,CAPTIEUX,,7.7,12.9,18.8,25.0,4.6
PODENSAC,ROQUEFORT,,13.4,22.7,33.5,44.6,8.0
PODENSAC,LE CALOY,,15.6,26.4,39.1,52.1,9.3
PODENSAC,AIRE SUR ADOUR NORD,,21.0,35.7,51.3,70.6,12.5
PODENSAC,AIRE SUR ADOUR SUD,,21.0,35.7,51.3,70.6,12.5
PODENSAC,GARLIN,,21.1,35.8,51.4,70.7,12.6
PODENSAC,THEZE,,26.8,45.7,60.6,80.4,16.0
PODENSAC,PEAGE DE SAMES,,39.6,66.0,97.3,129.6,23.6
PODENSAC,PEYREHORADE,,37.2,62.1,92.7,121.9,22.4
PODENSAC,SALIES,,34.6,58.4,86.4,114.7,20.6
PODENSAC,ORTHEZ,,33.7,56.8,83.9,112.0,20.1
PODENSAC,ARTIX,,31.6,54.1,80.3,106.7,18.8
PODENSAC,LESCAR,,31.0,52.9,78.8,105.0,18.5
PODENSAC,PAU CENTRE,,31.9,54.0,80.3,106.8,19.0
PODENSAC,SOUMOULOU,,32.5,55.2,82.0,109.4,19.5
PODENSAC,TARBES OUEST,,35.3,58.8,87.1,116.4,21.0
PODENSAC,TARBES EST,,35.7,59.2,88.2,117.6,21.3
PODENSAC,TOURNAY,,36.0,60.5,89.6,119.2,21.5
PODENSAC,CAPVERN,,36.9,61.4,91.6,121.2,22.1
PODENSAC,LANNEMEZAN,,37.3,62.4,92.5,123.7,22.3
PODENSAC,MONTREJEAU,,39.6,65.7,96.6,129.0,23.4
PODENSAC,SAINT GAUDENS,,40.5,66.8,99.1,131.8,24.3
PODENSAC,PEAGE DE LESTELLE,,44.2,72.2,107.1,141.2,26.0
PEAGE DE SAINT SELVE,PEAGE DE TOULOUSE NORD OUEST,,22.2,35.0,51.0,64.9,13.7
PEAGE DE SAINT SELVE,SAINT JORY,,22.0,34.4,47.7,64.6,12.8
PEAGE DE SAINT SELVE,EUROCENTRE,,21.8,32.9,46.6,60.6,12.4
PEAGE DE SAINT SELVE,MONTAUBAN,,19.8,30.1,43.6,57.0,11.5
PEAGE DE SAINT SELVE,CASTELSARRASIN,,17.3,26.7,37.5,47.9,10.2
PEAGE DE SAINT SELVE,VALENCE D AGEN,,14.5,22.3,31.7,41.5,8.8
PEAGE DE SAINT SELVE,AGEN,,11.9,18.4,26.2,34.3,6.9
PEAGE DE SAINT SELVE,AGEN OUEST,,11.8,18.2,26.0,34.1,6.8
PEAGE DE SAINT SELVE,AIGUILLON,,8.5,12.9,18.8,24.6,4.8
PEAGE DE SAINT SELVE,MARMANDE,,5.9,9.7,14.2,18.3,3.8
PEAGE DE SAINT SELVE,LA REOLE,,4.3,7.2,9.5,12.7,2.8
PEAGE DE SAINT SELVE,LANGON,,2.3,3.6,5.1,6.5,1.4
PEAGE DE SAINT SELVE,PODENSAC,,1.3,2.2,3.3,3.9,0.7
PEAGE DE SAINT SELVE,BAZAS,,5.8,8.7,12.7,17.0,3.4
PEAGE DE SAINT SELVE,CAPTIEUX,,9.4,15.0,22.2,29.6,5.6
PEAGE DE SAINT SELVE,ROQUEFORT,,15.1,24.8,36.9,49.2,9.0
PEAGE DE SAINT SELVE,LE CALOY,,17.3,28.5,42.5,56.7,10.3
PEAGE DE SAINT SELVE,AIRE SUR ADOUR NORD,,22.7,37.8,54.7,75.2,13.5
PEAGE DE SAINT SELVE,AIRE SUR ADOUR SUD,,22.7,37.8,54.7,75.2,13.5
PEAGE DE SAINT SELVE,GARLIN,,22.8,37.9,54.8,75.3,13.6
PEAGE DE SAINT SELVE,THEZE,,28.5,47.8,64.0,85.0,17.0
PEAGE DE SAINT SELVE,PEAGE DE SAMES,,41.3,68.1,100.7,134.2,24.6
PEAGE DE SAINT SELVE,PEYREHORADE,,38.9,64.2,96.1,126.5,23.4
PEAGE DE SAINT SELVE,SALIES,,36.3,60.5,89.8,119.3,21.6
PEAGE DE SAINT SELVE,ORTHEZ,,35.4,58.9,87.3,116.6,21.1
PEAGE DE SAINT SELVE,ARTIX,,33.3,56.2,83.7,111.3,19.8
PEAGE DE SAINT SELVE,LESCAR,,32.7,55.0,82.2,109.6,19.5
PEAGE DE SAINT SELVE,PAU CENTRE,,33.6,56.1,83.7,111.4,20.0
PEAGE DE SAINT SELVE,SOUMOULOU,,34.2,57.3,85.4,114.0,20.5
PEAGE DE SAINT SELVE,TARBES OUEST,,37.0,60.9,90.5,121.0,22.0
PEAGE DE SAINT SELVE,TARBES EST,,37.4,61.3,91.6,122.2,22.3
PEAGE DE SAINT SELVE,TOURNAY,,37.7,62.6,93.0,123.8,22.5
PEAGE DE SAINT SELVE,CAPVERN,,38.6,63.5,95.0,125.8,23.1
PEAGE DE SAINT SELVE,LANNEMEZAN,,39.0,64.5,95.9,128.3,23.3
PEAGE DE SAINT SELVE,MONTREJEAU,,41.3,67.8,100.0,133.6,24.4
PEAGE DE SAINT SELVE,SAINT GAUDENS,,42.2,68.9,102.5,136.4,25.3
PEAGE DE SAINT SELVE,PEAGE DE LESTELLE,,45.9,74.3,110.5,145.8,27.0
BAZAS,PEAGE DE TOULOUSE NORD OUEST,,20.4,32.5,49.2,63.2,12.5
BAZAS,SAINT JORY,,20.0,31.3,43.6,60.3,11.9
BAZAS,EUROCENTRE,,18.8,29.0,42.7,58.0,11.4
BAZAS,MONTAUBAN,,17.9,27.6,39.1,52.6,10.5
BAZAS,CASTELSARRASIN,,15.4,24.3,34.1,45.1,9.1
BAZAS,VALENCE D AGEN,,13.1,21.2,29.2,40.5,8.3
BAZAS,AGEN,,10.0,16.4,23.6,31.0,6.1
BAZAS,AGEN OUEST,,9.9,16.3,23.4,30.8,6.0
BAZAS,AIGUILLON,,7.2,11.6,17.1,22.7,4.3
BAZAS,MARMANDE,,5.1,8.5,12.1,15.8,3.0
BAZAS,LA REOLE,,3.5,5.9,8.4,10.7,2.0
BAZAS,LANGON,,2.8,4.5,6.6,8.8,1.6
BAZAS,PODENSAC,,4.1,6.6,9.3,12.4,2.4
BAZAS,PEAGE DE SAINT SELVE,,5.8,8.7,12.7,17.0,3.4
BAZAS,CAPTIEUX,,3.0,5.0,7.6,10.1,1.8
BAZAS,ROQUEFORT,,7.6,12.9,19.3,28.3,4.5
BAZAS,LE CALOY,,9.3,17.1,26.1,34.8,5.6
BAZAS,AIRE SUR ADOUR NORD,,13.7,23.3,38.3,46.6,8.2
BAZAS,AIRE SUR ADOUR SUD,,14.6,24.9,37.3,49.8,8.8
BAZAS,GARLIN,,16.3,27.7,41.6,55.5,9.8
BAZAS,THEZE,,18.4,31.2,46.9,62.6,11.1
BAZAS,PEAGE DE SAMES,,30.7,50.2,79.6,105.5,18.9
BAZAS,PEYREHORADE,,28.3,46.3,75.0,97.8,17.7
BAZAS,SALIES,,25.7,42.6,68.7,90.6,15.9
BAZAS,ORTHEZ,,24.8,41.0,66.2,87.9,15.4
BAZAS,ARTIX,,22.7,38.3,62.6,82.6,14.1
BAZAS,LESCAR,,22.1,37.1,61.1,80.9,13.8
BAZAS,PAU CENTRE,,23.0,38.2,62.6,82.7,14.3
BAZAS,SOUMOULOU,,23.6,39.4,64.3,85.3,14.8
BAZAS,TARBES OUEST,,26.4,43.0,69.4,92.3,16.3
BAZAS,TARBES EST,,26.8,43.4,70.5,93.5,16.6
BAZAS,TOURNAY,,27.1,44.7,71.9,95.1,16.8
BAZAS,CAPVERN,,28.0,45.6,73.9,97.1,17.4
BAZAS,LANNEMEZAN,,28.4,46.6,74.8,99.6,17.6
BAZAS,MONTREJEAU,,30.7,49.9,78.9,104.9,18.7
BAZAS,SAINT GAUDENS,,31.6,51.0,81.4,107.7,19.6
BAZAS,PEAGE DE LESTELLE,,35.3,56.4,89.4,117.1,21.3
CAPTIEUX,PEAGE DE TOULOUSE NORD OUEST,,24.0,38.8,58.7,75.8,14.7
CAPTIEUX,SAINT JORY,,23.6,37.6,53.1,72.9,14.1
CAPTIEUX,EUROCENTRE,,22.4,35.3,52.2,70.6,13.6
CAPTIEUX,MONTAUBAN,,21.5,33.9,48.6,65.2,12.7
CAPTIEUX,CASTELSARRASIN,,19.0,30.6,43.6,57.7,11.3
CAPTIEUX,VALENCE D AGEN,,16.7,27.5,38.7,53.1,10.5
CAPTIEUX,AGEN,,13.6,22.7,33.1,43.6,8.3
CAPTIEUX,AGEN OUEST,,13.5,22.6,32.9,43.4,8.2
CAPTIEUX,AIGUILLON,,10.8,17.9,26.6,35.3,6.5
CAPTIEUX,MARMANDE,,8.7,14.8,21.6,28.4,5.2
CAPTIEUX,LA REOLE,,7.1,12.2,17.9,23.3,4.2
CAPTIEUX,LANGON,,6.4,10.8,16.1,21.4,3.8
CAPTIEUX,PODENSAC,,7.7,12.9,18.8,25.0,4.6
CAPTIEUX,PEAGE DE SAINT SELVE,,9.4,15.0,22.2,29.6,5.6
CAPTIEUX,BAZAS,,3.0,5.0,7.6,10.1,1.8
CAPTIEUX,ROQUEFORT,,4.6,7.9,11.8,15.7,2.7
CAPTIEUX,LE CALOY,,6.4,10.9,17.9,23.8,3.8
CAPTIEUX,AIRE SUR ADOUR NORD,,10.8,18.3,27.4,36.5,6.5
CAPTIEUX,AIRE SUR ADOUR SUD,,11.7,19.9,29.8,39.8,7.0
CAPTIEUX,GARLIN,,13.4,22.7,34.0,45.4,8.0
CAPTIEUX,THEZE,,15.5,26.2,39.4,52.6,9.3
CAPTIEUX,PEAGE DE SAMES,,27.7,45.2,66.6,95.1,16.5
CAPTIEUX,PEYREHORADE,,25.3,41.3,62.0,87.4,15.3
CAPTIEUX,SALIES,,22.7,37.6,55.7,80.2,13.5
CAPTIEUX,ORTHEZ,,21.8,36.0,53.2,77.5,13.0
CAPTIEUX,ARTIX,,19.7,33.3,49.6,72.2,11.7
CAPTIEUX,LESCAR,,19.1,32.1,48.1,70.5,11.4
CAPTIEUX,PAU CENTRE,,20.0,33.2,49.6,72.3,11.9
CAPTIEUX,SOUMOULOU,,20.6,34.4,51.3,74.9,12.4
CAPTIEUX,TARBES OUEST,,23.4,38.0,56.4,81.9,13.9
CAPTIEUX,TARBES EST,,23.8,38.4,57.5,83.1,14.2
CAPTIEUX,TOURNAY,,24.1,39.7,58.9,84.7,14.4
CAPTIEUX,CAPVERN,,25.0,40.6,60.9,86.7,15.0
CAPTIEUX,LANNEMEZAN,,25.4,41.6,61.8,89.2,15.2
CAPTIEUX,MONTREJEAU,,27.7,44.9,65.9,94.5,16.3
CAPTIEUX,SAINT GAUDENS,,28.6,46.0,68.4,97.3,17.2
CAPTIEUX,PEAGE DE LESTELLE,,32.3,51.4,76.4,106.7,18.9
ROQUEFORT,PEAGE DE TOULOUSE NORD OUEST,,29.7,48.6,73.4,95.4,18.1
ROQUEFORT,SAINT JORY,,29.3,47.4,67.8,92.5,17.5
ROQUEFORT,EUROCENTRE,,28.1,45.1,66.9,90.2,17.0
ROQUEFORT,MONTAUBAN,,27.2,43.7,63.3,84.8,16.1
ROQUEFORT,CASTELSARRASIN,,24.7,40.4,58.3,77.3,14.7
ROQUEFORT,VALENCE D AGEN,,22.4,37.3,53.4,72.7,13.9
ROQUEFORT,AGEN,,19.3,32.5,47.8,63.2,11.7
ROQUEFORT,AGEN OUEST,,19.2,32.4,47.6,63.0,11.6
ROQUEFORT,AIGUILLON,,16.5,27.7,41.3,54.9,9.9
ROQUEFORT,MARMANDE,,14.4,24.6,36.3,48.0,8.6
ROQUEFORT,LA REOLE,,12.8,22.0,32.6,42.9,7.6
ROQUEFORT,LANGON,,12.1,20.6,30.8,41.0,7.2
ROQUEFORT,PODENSAC,,13.4,22.7,33.5,44.6,8.0
ROQUEFORT,PEAGE DE SAINT SELVE,,15.1,24.8,36.9,49.2,9.0
ROQUEFORT,BAZAS,,7.6,12.9,19.3,28.3,4.5
ROQUEFORT,CAPTIEUX,,4.6,7.9,11.8,15.7,2.7
ROQUEFORT,LE CALOY,,1.8,3.0,4.5,6.0,1.0
ROQUEFORT,AIRE SUR ADOUR NORD,,6.1,10.4,17.1,20.8,3.7
ROQUEFORT,AIRE SUR ADOUR SUD,,7.1,12.0,18.0,24.1,4.3
ROQUEFORT,GARLIN,,8.8,14.9,22.3,29.8,5.3
ROQUEFORT,THEZE,,10.9,18.4,27.6,36.9,6.5
ROQUEFORT,PEAGE DE SAMES,,24.1,43.3,58.4,77.9,14.4
ROQUEFORT,PEYREHORADE,,21.7,39.4,53.8,70.2,13.2
ROQUEFORT,SALIES,,19.1,35.7,47.5,63.0,11.4
ROQUEFORT,ORTHEZ,,18.2,34.1,45.0,60.3,10.9
ROQUEFORT,ARTIX,,16.1,31.4,41.4,55.0,9.6
ROQUEFORT,LESCAR,,15.5,30.2,39.9,53.3,9.3
ROQUEFORT,PAU CENTRE,,16.4,31.3,41.4,55.1,9.8
ROQUEFORT,SOUMOULOU,,17.0,32.5,43.1,57.7,10.3
ROQUEFORT,TARBES OUEST,,19.8,36.1,48.2,64.7,11.8
ROQUEFORT,TARBES EST,,20.2,36.5,49.3,65.9,12.1
ROQUEFORT,TOURNAY,,20.5,37.8,50.7,67.5,12.3
ROQUEFORT,CAPVERN,,21.4,38.7,52.7,69.5,12.9
ROQUEFORT,LANNEMEZAN,,21.8,39.7,53.6,72.0,13.1
ROQUEFORT,MONTREJEAU,,24.1,43.0,57.7,77.3,14.2
ROQUEFORT,SAINT GAUDENS,,25.0,44.1,60.2,80.1,15.1
ROQUEFORT,PEAGE DE LESTELLE,,28.7,49.5,68.2,89.5,16.8
LE CALOY,PEAGE DE TOULOUSE NORD OUEST,,31.9,52.3,79.0,102.9,19.4
LE CALOY,SAINT JORY,,31.5,51.1,73.4,100.0,18.8
LE CALOY,EUROCENTRE,,30.3,48.8,72.5,97.7,18.3
LE CALOY,MONTAUBAN,,29.4,47.4,68.9,92.3,17.4
LE CALOY,CASTELSARRASIN,,26.9,44.1,63.9,84.8,16.0
LE CALOY,VALENCE D AGEN,,24.6,41.0,59.0,80.2,15.2
LE CALOY,AGEN,,21.5,36.2,53.4,70.7,13.0
LE CALOY,AGEN OUEST,,21.4,36.1,53.2,70.5,12.9
LE CALOY,AIGUILLON,,18.7,31.4,46.9,62.4,11.2
LE CALOY,MARMANDE,,16.6,28.3,41.9,55.5,9.9
LE CALOY,LA REOLE,,15.0,25.7,38.2,50.4,8.9
LE CALOY,LANGON,,14.3,24.3,36.4,48.5,8.5
LE CALOY,PODENSAC,,15.6,26.4,39.1,52.1,9.3
LE CALOY,PEAGE DE SAINT SELVE,,17.3,28.5,42.5,56.7,10.3
LE CALOY,BAZAS,,9.3,17.1,26.1,34.8,5.6
LE CALOY,CAPTIEUX,,6.4,10.9,17.9,23.8,3.8
LE CALOY,ROQUEFORT,,1.8,3.0,4.5,6.0,1.0
LE CALOY,AIRE SUR ADOUR NORD,,4.4,7.4,12.3,16.3,2.6
LE CALOY,AIRE SUR ADOUR SUD,,5.3,9.1,13.6,18.1,3.2
LE CALOY,GARLIN,,7.0,11.9,17.8,23.8,4.2
LE CALOY,THEZE,,9.1,15.4,25.5,33.9,5.5
LE CALOY,PEAGE DE SAMES,,24.0,39.5,58.2,71.3,14.3
LE CALOY,PEYREHORADE,,21.6,35.6,53.6,63.6,13.1
LE CALOY,SALIES,,19.0,31.9,47.3,56.4,11.3
LE CALOY,ORTHEZ,,18.1,30.3,44.8,53.7,10.8
LE CALOY,ARTIX,,16.0,27.6,41.2,48.4,9.5
LE CALOY,LESCAR,,15.4,26.4,39.7,46.7,9.2
LE CALOY,PAU CENTRE,,16.3,27.5,41.2,48.5,9.7
LE CALOY,SOUMOULOU,,16.9,28.7,42.9,51.1,10.2
LE CALOY,TARBES OUEST,,19.7,32.3,48.0,58.1,11.7
LE CALOY,TARBES EST,,20.1,32.7,49.1,59.3,12.0
LE CALOY,TOURNAY,,20.4,34.0,50.5,60.9,12.2
LE CALOY,CAPVERN,,21.3,34.9,52.5,62.9,12.8
LE CALOY,LANNEMEZAN,,21.7,35.9,53.4,65.4,13.0
LE CALOY,MONTREJEAU,,24.0,39.2,57.5,70.7,14.1
LE CALOY,SAINT GAUDENS,,24.9,40.3,60.0,73.5,15.0
LE CALOY,PEAGE DE LESTELLE,,28.6,45.7,68.0,82.9,16.7
AIRE SUR ADOUR NORD,PEAGE DE TOULOUSE NORD OUEST,,37.3,61.6,91.2,121.4,22.6
AIRE SUR ADOUR NORD,SAINT JORY,,36.9,60.4,85.6,118.5,22.0
AIRE SUR ADOUR NORD,EUROCENTRE,,35.7,58.1,84.7,116.2,21.5
AIRE SUR ADOUR NORD,MONTAUBAN,,34.8,56.7,81.1,110.8,20.6
AIRE SUR ADOUR NORD,CASTELSARRASIN,,32.3,53.4,76.1,103.3,19.2
AIRE SUR ADOUR NORD,VALENCE D AGEN,,30.0,50.3,71.2,98.7,18.4
AIRE SUR ADOUR NORD,AGEN,,26.9,45.5,65.6,89.2,16.2
AIRE SUR ADOUR NORD,AGEN OUEST,,26.8,45.4,65.4,89.0,16.1
AIRE SUR ADOUR NORD,AIGUILLON,,24.1,40.7,59.1,80.9,14.4
AIRE SUR ADOUR NORD,MARMANDE,,22.0,37.6,54.1,74.0,13.1
AIRE SUR ADOUR NORD,LA REOLE,,20.4,35.0,50.4,68.9,12.1
AIRE SUR ADOUR NORD,LANGON,,19.7,33.6,48.6,67.0,11.7
AIRE SUR ADOUR NORD,PODENSAC,,21.0,35.7,51.3,70.6,12.5
AIRE SUR ADOUR NORD,PEAGE DE SAINT SELVE,,22.7,37.8,54.7,75.2,13.5
AIRE SUR ADOUR NORD,BAZAS,,13.7,23.3,38.3,46.6,8.2
AIRE SUR ADOUR NORD,CAPTIEUX,,10.8,18.3,27.4,36.5,6.5
AIRE SUR ADOUR NORD,ROQUEFORT,,6.1,10.4,17.1,20.8,3.7
AIRE SUR ADOUR NORD,LE CALOY,,4.4,7.4,12.3,16.3,2.6
AIRE SUR ADOUR NORD,AIRE SUR ADOUR SUD,,0.0,0.0,0.0,0.0,0.0
AIRE SUR ADOUR NORD,GARLIN,,2.6,4.5,8.3,9.7,1.6
AIRE SUR ADOUR NORD,THEZE,,4.7,10.0,15.0,19.3,2.9
AIRE SUR ADOUR NORD,PEAGE DE SAMES,,18.6,30.2,44.1,58.9,11.0
AIRE SUR ADOUR NORD,PEYREHORADE,,16.2,26.3,39.5,51.2,9.8
AIRE SUR ADOUR NORD,SALIES,,13.6,22.6,33.2,44.0,8.0
AIRE SUR ADOUR NORD,ORTHEZ,,12.7,21.0,30.7,41.3,7.5
AIRE SUR ADOUR NORD,ARTIX,,10.6,18.3,27.1,36.0,6.2
AIRE SUR ADOUR NORD,LESCAR,,10.0,17.1,25.6,34.3,5.9
AIRE SUR ADOUR NORD,PAU CENTRE,,10.9,18.2,27.1,36.1,6.4
AIRE SUR ADOUR NORD,SOUMOULOU,,11.5,19.4,28.8,38.7,6.9
AIRE SUR ADOUR NORD,TARBES OUEST,,14.3,23.0,33.9,45.7,8.4
AIRE SUR ADOUR NORD,TARBES EST,,14.7,23.4,35.0,46.9,8.7
AIRE SUR ADOUR NORD,TOURNAY,,15.0,24.7,36.4,48.5,8.9
AIRE SUR ADOUR NORD,CAPVERN,,15.9,25.6,38.4,50.5,9.5
AIRE SUR ADOUR NORD,LANNEMEZAN,,16.3,26.6,39.3,53.0,9.7
AIRE SUR ADOUR NORD,MONTREJEAU,,18.6,29.9,43.4,58.3,10.8
AIRE SUR ADOUR NORD,SAINT GAUDENS,,19.5,31.0,45.9,61.1,11.7
AIRE SUR ADOUR NORD,PEAGE DE LESTELLE,,23.2,36.4,53.9,70.5,13.4
AIRE SUR ADOUR SUD,PEAGE DE TOULOUSE NORD OUEST,,37.3,61.6,91.2,121.4,22.6
AIRE SUR ADOUR SUD,SAINT JORY,,36.9,60.4,85.6,118.5,22.0
AIRE SUR ADOUR SUD,EUROCENTRE,,35.7,58.1,84.7,116.2,21.5
AIRE SUR ADOUR SUD,MONTAUBAN,,34.8,56.7,81.1,110.8,20.6
AIRE SUR ADOUR SUD,CASTELSARRASIN,,32.3,53.4,76.1,103.3,19.2
AIRE SUR ADOUR SUD,VALENCE D AGEN,,30.0,50.3,71.2,98.7,18.4
AIRE SUR ADOUR SUD,AGEN,,26.9,45.5,65.6,89.2,16.2
AIRE SUR ADOUR SUD,AGEN OUEST,,26.8,45.4,65.4,89.0,16.1
AIRE SUR ADOUR SUD,AIGUILLON,,24.1,40.7,59.1,80.9,14.4
AIRE SUR ADOUR SUD,MARMANDE,,22.0,37.6,54.1,74.0,13.1
AIRE SUR ADOUR SUD,LA REOLE,,20.4,35.0,50.4,68.9,12.1
AIRE SUR ADOUR SUD,LANGON,,19.7,33.6,48.6,67.0,11.7
AIRE SUR ADOUR SUD,PODENSAC,,21.0,35.7,51.3,70.6,12.5
AIRE SUR ADOUR SUD,PEAGE DE SAINT SELVE,,22.7,37.8,54.7,75.2,13.5
AIRE SUR ADOUR SUD,BAZAS,,14.6,24.9,37.3,49.8,8.8
AIRE SUR ADOUR SUD,CAPTIEUX,,11.7,19.9,29.8,39.8,7.0
AIRE SUR ADOUR SUD,ROQUEFORT,,7.1,12.0,18.0,24.1,4.3
AIRE SUR ADOUR SUD,LE CALOY,,5.3,9.1,13.6,18.1,3.2
AIRE SUR ADOUR SUD,AIRE SUR ADOUR NORD,,0.0,0.0,0.0,0.0,0.0
GARLIN,PEAGE DE TOULOUSE NORD OUEST,,37.4,61.7,91.3,121.5,22.7
GARLIN,SAINT JORY,,37.0,60.5,85.7,118.6,22.1
GARLIN,EUROCENTRE,,35.8,58.2,84.8,116.3,21.6
GARLIN,MONTAUBAN,,34.9,56.8,81.2,110.9,20.7
GARLIN,CASTELSARRASIN,,32.4,53.5,76.2,103.4,19.3
GARLIN,VALENCE D AGEN,,30.1,50.4,71.3,98.8,18.5
GARLIN,AGEN,,27.0,45.6,65.7,89.3,16.3
GARLIN,AGEN OUEST,,26.9,45.5,65.5,89.1,16.2
GARLIN,AIGUILLON,,24.2,40.8,59.2,81.0,14.5
GARLIN,MARMANDE,,22.1,37.7,54.2,74.1,13.2
GARLIN,LA REOLE,,20.5,35.1,50.5,69.0,12.2
GARLIN,LANGON,,19.8,33.7,48.7,67.1,11.8
GARLIN,PODENSAC,,21.1,35.8,51.4,70.7,12.6
GARLIN,PEAGE DE SAINT SELVE,,22.8,37.9,54.8,75.3,13.6
GARLIN,BAZAS,,16.3,27.7,41.6,55.5,9.8
GARLIN,CAPTIEUX,,13.4,22.7,34.0,45.4,8.0
GARLIN,ROQUEFORT,,8.8,14.9,22.3,29.8,5.3
GARLIN,LE CALOY,,7.0,11.9,17.8,23.8,4.2
GARLIN,AIRE SUR ADOUR NORD,,2.6,4.5,8.3,9.7,1.6
GARLIN,THEZE,,2.1,3.6,5.9,7.2,1.3
GARLIN,PEAGE DE SAMES,,15.3,24.7,35.9,47.8,8.5
GARLIN,PEYREHORADE,,12.9,20.8,31.3,40.1,7.3
GARLIN,SALIES,,10.3,17.1,25.0,32.9,5.5
GARLIN,ORTHEZ,,9.4,15.5,22.5,30.2,5.0
GARLIN,ARTIX,,7.3,12.8,18.9,24.9,3.7
GARLIN,LESCAR,,6.7,11.6,17.4,23.2,3.4
GARLIN,PAU CENTRE,,7.6,12.7,18.9,25.0,3.9
GARLIN,SOUMOULOU,,8.2,13.9,20.6,27.6,4.4
GARLIN,TARBES OUEST,,11.0,17.5,25.7,34.6,5.9
GARLIN,TARBES EST,,11.4,17.9,26.8,35.8,6.2
GARLIN,TOURNAY,,11.7,19.2,28.2,37.4,6.4
GARLIN,CAPVERN,,12.6,20.1,30.2,39.4,7.0
GARLIN,LANNEMEZAN,,13.0,21.1,31.1,41.9,7.2
GARLIN,MONTREJEAU,,15.3,24.4,35.2,47.2,8.3
GARLIN,SAINT GAUDENS,,16.2,25.5,37.7,50.0,9.2
GARLIN,PEAGE DE LESTELLE,,19.9,30.9,45.7,59.4,10.9
THEZE,PEAGE DE TOULOUSE NORD OUEST,,43.1,71.6,100.5,131.2,26.1
THEZE,SAINT JORY,,42.7,70.4,94.9,128.3,25.5
THEZE,EUROCENTRE,,41.5,68.1,94.0,126.0,25.0
THEZE,MONTAUBAN,,40.6,66.7,90.4,120.6,24.1
THEZE,CASTELSARRASIN,,38.1,63.4,85.4,113.1,22.7
THEZE,VALENCE D AGEN,,35.8,60.3,80.5,108.5,21.9
THEZE,AGEN,,32.7,55.5,74.9,99.0,19.7
THEZE,AGEN OUEST,,32.6,55.4,74.7,98.8,19.6
THEZE,AIGUILLON,,29.9,50.7,68.4,90.7,17.9
THEZE,MARMANDE,,27.8,47.6,63.4,83.8,16.6
THEZE,LA REOLE,,26.2,45.0,59.7,78.7,15.6
THEZE,LANGON,,25.5,43.6,57.9,76.8,15.2
THEZE,PODENSAC,,26.8,45.7,60.6,80.4,16.0
THEZE,PEAGE DE SAINT SELVE,,28.5,47.8,64.0,85.0,17.0
THEZE,BAZAS,,18.4,31.2,46.9,62.6,11.1
THEZE,CAPTIEUX,,15.5,26.2,39.4,52.6,9.3
THEZE,ROQUEFORT,,10.9,18.4,27.6,36.9,6.5
THEZE,LE CALOY,,9.1,15.4,25.5,33.9,5.5
THEZE,AIRE SUR ADOUR NORD,,4.7,10.0,15.0,19.3,2.9
THEZE,GARLIN,,2.1,3.6,5.9,7.2,1.3
THEZE,PEAGE DE SAMES,,12.7,20.2,29.2,38.9,7.5
THEZE,PEYREHORADE,,10.3,16.3,24.6,31.2,6.3
THEZE,SALIES,,7.7,12.6,18.3,24.0,4.5
THEZE,ORTHEZ,,6.8,11.0,15.8,21.3,4.0
THEZE,ARTIX,,4.7,8.3,12.2,16.0,2.7
THEZE,LESCAR,,4.1,7.1,10.7,14.3,2.4
THEZE,PAU CENTRE,,5.0,8.2,12.2,16.1,2.9
THEZE,SOUMOULOU,,5.6,9.4,13.9,18.7,3.4
THEZE,TARBES OUEST,,8.4,13.0,19.0,25.7,4.9
THEZE,TARBES EST,,8.8,13.4,20.1,26.9,5.2
THEZE,TOURNAY,,9.1,14.7,21.5,28.5,5.4
THEZE,CAPVERN,,10.0,15.6,23.5,30.5,6.0
THEZE,LANNEMEZAN,,10.4,16.6,24.4,33.0,6.2
THEZE,MONTREJEAU,,12.7,19.9,28.5,38.3,7.3
THEZE,SAINT GAUDENS,,13.6,21.0,31.0,41.1,8.2
THEZE,PEAGE DE LESTELLE,,17.3,26.4,39.0,50.5,9.9
PEAGE DE SAMES,PEAGE DE TOULOUSE NORD OUEST,,55.9,91.9,137.2,180.4,33.7
PEAGE DE SAMES,SAINT JORY,,55.5,90.7,131.6,177.5,33.1
PEAGE DE SAMES,EUROCENTRE,,54.3,88.4,130.7,175.2,32.6
PEAGE DE SAMES,MONTAUBAN,,53.4,87.0,127.1,169.8,31.7
PEAGE DE SAMES,CASTELSARRASIN,,50.9,83.7,122.1,162.3,30.3
PEAGE DE SAMES,VALENCE D AGEN,,48.6,80.6,117.2,157.7,29.5
PEAGE DE SAMES,AGEN,,45.5,75.8,111.6,148.2,27.3
PEAGE DE SAMES,AGEN OUEST,,45.4,75.7,111.4,148.0,27.2
PEAGE DE SAMES,AIGUILLON,,42.7,71.0,105.1,139.9,25.5
PEAGE DE SAMES,MARMANDE,,40.6,67.9,100.1,133.0,24.2
PEAGE DE SAMES,LA REOLE,,39.0,65.3,96.4,127.9,23.2
PEAGE DE SAMES,LANGON,,38.3,63.9,94.6,126.0,22.8
PEAGE DE SAMES,PODENSAC,,39.6,66.0,97.3,129.6,23.6
PEAGE DE SAMES,PEAGE DE SAINT SELVE,,41.3,68.1,100.7,134.2,24.6
PEAGE DE SAMES,BAZAS,,30.7,50.2,79.6,105.5,18.9
PEAGE DE SAMES,CAPTIEUX,,27.7,45.2,66.6,95.1,16.5
PEAGE DE SAMES,ROQUEFORT,,24.1,43.3,58.4,77.9,14.4
PEAGE DE SAMES,LE CALOY,,24.0,39.5,58.2,71.3,14.3
PEAGE DE SAMES,AIRE SUR ADOUR NORD,,18.6,30.2,44.1,58.9,11.0
PEAGE DE SAMES,GARLIN,,15.3,24.7,35.9,47.8,8.5
PEAGE DE SAMES,THEZE,,12.7,20.2,29.2,38.9,7.5
PEAGE DE SAMES,PEYREHORADE,,2.5,3.9,5.2,7.7,1.6
PEAGE DE SAMES,SALIES,,4.0,6.3,9.3,11.8,2.5
PEAGE DE SAMES,ORTHEZ,,5.6,8.7,13.4,16.2,3.5
PEAGE DE SAMES,ARTIX,,7.7,12.2,16.9,22.1,4.9
PEAGE DE SAMES,LESCAR,,9.3,14.7,19.5,27.0,5.6
PEAGE DE SAMES,PAU CENTRE,,9.7,15.4,21.9,29.7,5.9
PEAGE DE SAMES,SOUMOULOU,,10.4,16.3,23.0,31.2,6.5
PEAGE DE SAMES,TARBES OUEST,,14.1,22.1,30.6,39.9,8.3
PEAGE DE SAMES,TARBES EST,,14.4,22.4,31.1,40.4,8.6
PEAGE DE SAMES,TOURNAY,,15.3,23.0,31.5,42.4,9.1
PEAGE DE SAMES,CAPVERN,,15.5,23.4,32.6,43.4,9.5
PEAGE DE SAMES,LANNEMEZAN,,15.8,24.8,34.2,47.9,9.8
PEAGE DE SAMES,MONTREJEAU,,17.3,28.0,38.5,50.7,11.0
PEAGE DE SAMES,SAINT GAUDENS,,19.6,29.5,41.6,56.4,11.7
PEAGE DE SAMES,PEAGE DE LESTELLE,,22.3,35.7,49.8,66.9,14.0
PEYREHORADE,PEAGE DE TOULOUSE NORD OUEST,,53.5,88.0,132.6,172.7,32.5
PEYREHORADE,SAINT JORY,,53.1,86.8,127.0,169.8,31.9
PEYREHORADE,EUROCENTRE,,51.9,84.5,126.1,167.5,31.4
PEYREHORADE,MONTAUBAN,,51.0,83.1,122.5,162.1,30.5
PEYREHORADE,CASTELSARRASIN,,48.5,79.8,117.5,154.6,29.1
PEYREHORADE,VALENCE D AGEN,,46.2,76.7,112.6,150.0,28.3
PEYREHORADE,AGEN,,43.1,71.9,107.0,140.5,26.1
PEYREHORADE,AGEN OUEST,,43.0,71.8,106.8,140.3,26.0
PEYREHORADE,AIGUILLON,,40.3,67.1,100.5,132.2,24.3
PEYREHORADE,MARMANDE,,38.2,64.0,95.5,125.3,23.0
PEYREHORADE,LA REOLE,,36.6,61.4,91.8,120.2,22.0
PEYREHORADE,LANGON,,35.9,60.0,90.0,118.3,21.6
PEYREHORADE,PODENSAC,,37.2,62.1,92.7,121.9,22.4
PEYREHORADE,PEAGE DE SAINT SELVE,,38.9,64.2,96.1,126.5,23.4
PEYREHORADE,BAZAS,,28.3,46.3,75.0,97.8,17.7
PEYREHORADE,CAPTIEUX,,25.3,41.3,62.0,87.4,15.3
PEYREHORADE,ROQUEFORT,,21.7,39.4,53.8,70.2,13.2
PEYREHORADE,LE CALOY,,21.6,35.6,53.6,63.6,13.1
PEYREHORADE,AIRE SUR ADOUR NORD,,16.2,26.3,39.5,51.2,9.8
PEYREHORADE,GARLIN,,12.9,20.8,31.3,40.1,7.3
PEYREHORADE,THEZE,,10.3,16.3,24.6,31.2,6.3
PEYREHORADE,PEAGE DE SAMES,,2.5,3.9,5.2,7.7,1.6
PEYREHORADE,SALIES,,1.5,2.5,3.2,4.8,0.9
PEYREHORADE,ORTHEZ,,3.5,5.6,8.8,9.3,1.9
PEYREHORADE,ARTIX,,5.2,8.5,11.5,15.1,3.5
PEYREHORADE,LESCAR,,7.1,10.7,15.7,19.8,4.2
PEYREHORADE,PAU CENTRE,,7.3,11.9,17.0,22.7,4.7
PEYREHORADE,SOUMOULOU,,7.9,12.6,18.2,24.5,5.2
PEYREHORADE,TARBES OUEST,,11.3,17.7,23.9,33.1,7.0
PEYREHORADE,TARBES EST,,11.5,18.0,24.2,33.6,7.2
PEYREHORADE,TOURNAY,,11.7,18.3,25.5,35.6,7.6
PEYREHORADE,CAPVERN,,12.4,19.0,25.9,36.0,7.7
PEYREHORADE,LANNEMEZAN,,12.7,19.7,28.7,36.7,8.1
PEYREHORADE,MONTREJEAU,,14.4,23.9,33.0,45.0,9.1
PEYREHORADE,SAINT GAUDENS,,16.5,24.9,35.8,48.5,9.9
PEYREHORADE,PEAGE DE LESTELLE,,20.2,31.5,43.2,57.8,12.4
SALIES,PEAGE DE TOULOUSE NORD OUEST,,50.9,84.3,126.3,165.5,30.7
SALIES,SAINT JORY,,50.5,83.1,120.7,162.6,30.1
SALIES,EUROCENTRE,,49.3,80.8,119.8,160.3,29.6
SALIES,MONTAUBAN,,48.4,79.4,116.2,154.9,28.7
SALIES,CASTELSARRASIN,,45.9,76.1,111.2,147.4,27.3
SALIES,VALENCE D AGEN,,43.6,73.0,106.3,142.8,26.5
SALIES,AGEN,,40.5,68.2,100.7,133.3,24.3
SALIES,AGEN OUEST,,40.4,68.1,100.5,133.1,24.2
SALIES,AIGUILLON,,37.7,63.4,94.2,125.0,22.5
SALIES,MARMANDE,,35.6,60.3,89.2,118.1,21.2
SALIES,LA REOLE,,34.0,57.7,85.5,113.0,20.2
SALIES,LANGON,,33.3,56.3,83.7,111.1,19.8
SALIES,PODENSAC,,34.6,58.4,86.4,114.7,20.6
SALIES,PEAGE DE SAINT SELVE,,36.3,60.5,89.8,119.3,21.6
SALIES,BAZAS,,25.7,42.6,68.7,90.6,15.9
SALIES,CAPTIEUX,,22.7,37.6,55.7,80.2,13.5
SALIES,ROQUEFORT,,19.1,35.7,47.5,63.0,11.4
SALIES,LE CALOY,,19.0,31.9,47.3,56.4,11.3
SALIES,AIRE SUR ADOUR NORD,,13.6,22.6,33.2,44.0,8.0
SALIES,GARLIN,,10.3,17.1,25.0,32.9,5.5
SALIES,THEZE,,7.7,12.6,18.3,24.0,4.5
SALIES,PEAGE DE SAMES,,4.0,6.3,9.3,11.8,2.5
SALIES,PEYREHORADE,,1.5,2.5,3.2,4.8,0.9
SALIES,ORTHEZ,,1.3,2.1,2.9,4.0,0.7
SALIES,ARTIX,,2.8,4.6,6.5,8.2,1.8
SALIES,LESCAR,,4.3,6.8,9.4,12.0,2.5
SALIES,PAU CENTRE,,4.7,7.2,10.4,13.7,2.9
SALIES,SOUMOULOU,,5.5,8.4,12.3,16.7,3.6
SALIES,TARBES OUEST,,8.5,13.2,18.9,25.6,5.1
SALIES,TARBES EST,,8.9,13.6,20.4,27.0,5.5
SALIES,TOURNAY,,9.5,14.3,20.6,27.9,5.8
SALIES,CAPVERN,,10.0,14.8,21.0,28.3,6.1
SALIES,LANNEMEZAN,,10.5,16.3,24.5,33.2,6.5
SALIES,MONTREJEAU,,12.3,20.1,28.9,38.6,7.8
SALIES,SAINT GAUDENS,,13.9,21.4,30.8,41.8,8.4
SALIES,PEAGE DE LESTELLE,,17.2,26.6,39.0,51.8,10.6
ORTHEZ,PEAGE DE TOULOUSE NORD OUEST,,50.0,82.7,123.8,162.8,30.2
ORTHEZ,SAINT JORY,,49.6,81.5,118.2,159.9,29.6
ORTHEZ,EUROCENTRE,,48.4,79.2,117.3,157.6,29.1
ORTHEZ,MONTAUBAN,,47.5,77.8,113.7,152.2,28.2
ORTHEZ,CASTELSARRASIN,,45.0,74.5,108.7,144.7,26.8
ORTHEZ,VALENCE D AGEN,,42.7,71.4,103.8,140.1,26.0
ORTHEZ,AGEN,,39.6,66.6,98.2,130.6,23.8
ORTHEZ,AGEN OUEST,,39.5,66.5,98.0,130.4,23.7
ORTHEZ,AIGUILLON,,36.8,61.8,91.7,122.3,22.0
ORTHEZ,MARMANDE,,34.7,58.7,86.7,115.4,20.7
ORTHEZ,LA REOLE,,33.1,56.1,83.0,110.3,19.7
ORTHEZ,LANGON,,32.4,54.7,81.2,108.4,19.3
ORTHEZ,PODENSAC,,33.7,56.8,83.9,112.0,20.1
ORTHEZ,PEAGE DE SAINT SELVE,,35.4,58.9,87.3,116.6,21.1
ORTHEZ,BAZAS,,24.8,41.0,66.2,87.9,15.4
ORTHEZ,CAPTIEUX,,21.8,36.0,53.2,77.5,13.0
ORTHEZ,ROQUEFORT,,18.2,34.1,45.0,60.3,10.9
ORTHEZ,LE CALOY,,18.1,30.3,44.8,53.7,10.8
ORTHEZ,AIRE SUR ADOUR NORD,,12.7,21.0,30.7,41.3,7.5
ORTHEZ,GARLIN,,9.4,15.5,22.5,30.2,5.0
ORTHEZ,THEZE,,6.8,11.0,15.8,21.3,4.0
ORTHEZ,PEAGE DE SAMES,,5.6,8.7,13.4,16.2,3.5
ORTHEZ,PEYREHORADE,,3.5,5.6,8.8,9.3,1.9
ORTHEZ,SALIES,,1.3,2.1,2.9,4.0,0.7
ORTHEZ,ARTIX,,1.7,3.0,4.0,5.0,1.0
ORTHEZ,LESCAR,,3.5,5.2,7.1,9.5,1.9
ORTHEZ,PAU CENTRE,,3.7,5.8,8.5,11.3,2.2
ORTHEZ,SOUMOULOU,,4.3,6.6,10.2,13.4,2.7
ORTHEZ,TARBES OUEST,,7.7,11.9,17.2,23.1,4.5
ORTHEZ,TARBES EST,,8.0,12.2,18.4,24.3,4.9
ORTHEZ,TOURNAY,,8.6,12.9,18.8,25.3,5.2
ORTHEZ,CAPVERN,,9.2,13.5,19.0,25.5,5.6
ORTHEZ,LANNEMEZAN,,9.6,14.9,22.6,30.6,5.9
ORTHEZ,MONTREJEAU,,11.3,18.7,27.0,35.8,7.2
ORTHEZ,SAINT GAUDENS,,13.0,20.0,29.1,39.2,7.8
ORTHEZ,PEAGE DE LESTELLE,,16.3,25.1,37.0,49.3,10.0
ARTIX,PEAGE DE TOULOUSE NORD OUEST,,47.9,80.0,120.2,157.5,28.9
ARTIX,SAINT JORY,,47.5,78.8,114.6,154.6,28.3
ARTIX,EUROCENTRE,,46.3,76.5,113.7,152.3,27.8
ARTIX,MONTAUBAN,,45.4,75.1,110.1,146.9,26.9
ARTIX,CASTELSARRASIN,,42.9,71.8,105.1,139.4,25.5
ARTIX,VALENCE D AGEN,,40.6,68.7,100.2,134.8,24.7
ARTIX,AGEN,,37.5,63.9,94.6,125.3,22.5
ARTIX,AGEN OUEST,,37.4,63.8,94.4,125.1,22.4
ARTIX,AIGUILLON,,34.7,59.1,88.1,117.0,20.7
ARTIX,MARMANDE,,32.6,56.0,83.1,110.1,19.4
ARTIX,LA REOLE,,31.0,53.4,79.4,105.0,18.4
ARTIX,LANGON,,30.3,52.0,77.6,103.1,18.0
ARTIX,PODENSAC,,31.6,54.1,80.3,106.7,18.8
ARTIX,PEAGE DE SAINT SELVE,,33.3,56.2,83.7,111.3,19.8
ARTIX,BAZAS,,22.7,38.3,62.6,82.6,14.1
ARTIX,CAPTIEUX,,19.7,33.3,49.6,72.2,11.7
ARTIX,ROQUEFORT,,16.1,31.4,41.4,55.0,9.6
ARTIX,LE CALOY,,16.0,27.6,41.2,48.4,9.5
ARTIX,AIRE SUR ADOUR NORD,,10.6,18.3,27.1,36.0,6.2
ARTIX,GARLIN,,7.3,12.8,18.9,24.9,3.7
ARTIX,THEZE,,4.7,8.3,12.2,16.0,2.7
ARTIX,PEAGE DE SAMES,,7.7,12.2,16.9,22.1,4.9
ARTIX,PEYREHORADE,,5.2,8.5,11.5,15.1,3.5
ARTIX,SALIES,,2.8,4.6,6.5,8.2,1.8
ARTIX,ORTHEZ,,1.7,3.0,4.0,5.0,1.0
ARTIX,LESCAR,,1.1,1.9,2.8,3.8,0.6
ARTIX,PAU CENTRE,,1.8,3.0,3.8,5.1,0.9
ARTIX,SOUMOULOU,,2.4,3.9,5.5,7.5,1.5
ARTIX,TARBES OUEST,,4.9,8.0,12.0,16.3,3.0
ARTIX,TARBES EST,,5.4,8.3,13.1,17.1,3.4
ARTIX,TOURNAY,,6.2,9.3,14.1,18.9,4.1
ARTIX,CAPVERN,,6.8,9.9,14.2,20.2,4.2
ARTIX,LANNEMEZAN,,7.4,11.2,16.6,22.7,4.8
ARTIX,MONTREJEAU,,9.1,15.4,20.6,28.0,5.8
ARTIX,SAINT GAUDENS,,11.0,16.0,23.1,32.0,6.7
ARTIX,PEAGE DE LESTELLE,,13.9,21.1,31.1,42.4,8.6
LESCAR,PEAGE DE TOULOUSE NORD OUEST,,47.3,78.8,118.7,155.8,28.6
LESCAR,SAINT JORY,,46.9,77.6,113.1,152.9,28.0
LESCAR,EUROCENTRE,,45.7,75.3,112.2,150.6,27.5
LESCAR,MONTAUBAN,,44.8,73.9,108.6,145.2,26.6
LESCAR,CASTELSARRASIN,,42.3,70.6,103.6,137.7,25.2
LESCAR,VALENCE D AGEN,,40.0,67.5,98.7,133.1,24.4
LESCAR,AGEN,,36.9,62.7,93.1,123.6,22.2
LESCAR,AGEN OUEST,,36.8,62.6,92.9,123.4,22.1
LESCAR,AIGUILLON,,34.1,57.9,86.6,115.3,20.4
LESCAR,MARMANDE,,32.0,54.8,81.6,108.4,19.1
LESCAR,LA REOLE,,30.4,52.2,77.9,103.3,18.1
LESCAR,LANGON,,29.7,50.8,76.1,101.4,17.7
LESCAR,PODENSAC,,31.0,52.9,78.8,105.0,18.5
LESCAR,PEAGE DE SAINT SELVE,,32.7,55.0,82.2,109.6,19.5
LESCAR,BAZAS,,22.1,37.1,61.1,80.9,13.8
LESCAR,CAPTIEUX,,19.1,32.1,48.1,70.5,11.4
LESCAR,ROQUEFORT,,15.5,30.2,39.9,53.3,9.3
LESCAR,LE CALOY,,15.4,26.4,39.7,46.7,9.2
LESCAR,AIRE SUR ADOUR NORD,,10.0,17.1,25.6,34.3,5.9
LESCAR,GARLIN,,6.7,11.6,17.4,23.2,3.4
LESCAR,THEZE,,4.1,7.1,10.7,14.3,2.4
LESCAR,PEAGE DE SAMES,,9.3,14.7,19.5,27.0,5.6
LESCAR,PEYREHORADE,,7.1,10.7,15.7,19.8,4.2
LESCAR,SALIES,,4.3,6.8,9.4,12.0,2.5
LESCAR,ORTHEZ,,3.5,5.2,7.1,9.5,1.9
LESCAR,ARTIX,,1.1,1.9,2.8,3.8,0.6
LESCAR,PAU CENTRE,,0.4,0.6,1.1,1.4,0.2
LESCAR,SOUMOULOU,,1.6,2.5,3.3,4.4,0.8
LESCAR,TARBES OUEST,,4.3,5.9,8.5,11.2,2.3
LESCAR,TARBES EST,,4.6,6.6,9.5,12.4,2.5
LESCAR,TOURNAY,,4.9,7.6,11.1,14.2,2.7
LESCAR,CAPVERN,,5.3,8.5,12.0,15.5,3.5
LESCAR,LANNEMEZAN,,5.9,9.4,14.1,17.8,3.8
LESCAR,MONTREJEAU,,8.5,12.6,18.0,24.0,5.0
LESCAR,SAINT GAUDENS,,9.5,14.2,19.9,25.8,5.7
LESCAR,PEAGE DE LESTELLE,,13.5,19.3,26.8,35.3,7.6
PAU CENTRE,PEAGE DE TOULOUSE NORD OUEST,,48.2,79.9,120.2,157.6,29.1
PAU CENTRE,SAINT JORY,,47.8,78.7,114.6,154.7,28.5
PAU CENTRE,EUROCENTRE,,46.6,76.4,113.7,152.4,28.0
PAU CENTRE,MONTAUBAN,,45.7,75.0,110.1,147.0,27.1
PAU CENTRE,CASTELSARRASIN,,43.2,71.7,105.1,139.5,25.7
PAU CENTRE,VALENCE D AGEN,,40.9,68.6,100.2,134.9,24.9
PAU CENTRE,AGEN,,37.8,63.8,94.6,125.4,22.7
PAU CENTRE,AGEN OUEST,,37.7,63.7,94.4,125.2,22.6
PAU CENTRE,AIGUILLON,,35.0,59.0,88.1,117.1,20.9
PAU CENTRE,MARMANDE,,32.9,55.9,83.1,110.2,19.6
PAU CENTRE,LA REOLE,,31.3,53.3,79.4,105.1,18.6
PAU CENTRE,LANGON,,30.6,51.9,77.6,103.2,18.2
PAU CENTRE,PODENSAC,,31.9,54.0,80.3,106.8,19.0
PAU CENTRE,PEAGE DE SAINT SELVE,,33.6,56.1,83.7,111.4,20.0
PAU CENTRE,BAZAS,,23.0,38.2,62.6,82.7,14.3
PAU CENTRE,CAPTIEUX,,20.0,33.2,49.6,72.3,11.9
PAU CENTRE,ROQUEFORT,,16.4,31.3,41.4,55.1,9.8
PAU CENTRE,LE CALOY,,16.3,27.5,41.2,48.5,9.7
PAU CENTRE,AIRE SUR ADOUR NORD,,10.9,18.2,27.1,36.1,6.4
PAU CENTRE,GARLIN,,7.6,12.7,18.9,25.0,3.9
PAU CENTRE,THEZE,,5.0,8.2,12.2,16.1,2.9
PAU CENTRE,PEAGE DE SAMES,,9.7,15.4,21.9,29.7,5.9
PAU CENTRE,PEYREHORADE,,7.3,11.9,17.0,22.7,4.7
PAU CENTRE,SALIES,,4.7,7.2,10.4,13.7,2.9
PAU CENTRE,ORTHEZ,,3.7,5.8,8.5,11.3,2.2
PAU CENTRE,ARTIX,,1.8,3.0,3.8,5.1,0.9
PAU CENTRE,LESCAR,,0.4,0.6,1.1,1.4,0.2
PAU CENTRE,SOUMOULOU,,1.2,1.8,2.7,3.4,0.7
PAU CENTRE,TARBES OUEST,,3.1,4.8,7.1,9.1,1.8
PAU CENTRE,TARBES EST,,3.8,5.7,8.2,11.1,2.2
PAU CENTRE,TOURNAY,,4.2,6.8,9.5,12.7,2.6
PAU CENTRE,CAPVERN,,4.8,7.4,11.3,13.9,3.0
PAU CENTRE,LANNEMEZAN,,5.5,8.3,12.8,15.8,3.2
PAU CENTRE,MONTREJEAU,,7.3,11.6,17.3,22.9,4.6
PAU CENTRE,SAINT GAUDENS,,8.5,13.0,19.8,24.7,5.2
PAU CENTRE,PEAGE DE LESTELLE,,12.0,18.3,26.3,35.2,7.1
SOUMOULOU,PEAGE DE TOULOUSE NORD OUEST,,48.8,81.1,121.9,160.2,29.6
SOUMOULOU,SAINT JORY,,48.4,79.9,116.3,157.3,29.0
SOUMOULOU,EUROCENTRE,,47.2,77.6,115.4,155.0,28.5
SOUMOULOU,MONTAUBAN,,46.3,76.2,111.8,149.6,27.6
SOUMOULOU,CASTELSARRASIN,,43.8,72.9,106.8,142.1,26.2
SOUMOULOU,VALENCE D AGEN,,41.5,69.8,101.9,137.5,25.4
SOUMOULOU,AGEN,,38.4,65.0,96.3,128.0,23.2
SOUMOULOU,AGEN OUEST,,38.3,64.9,96.1,127.8,23.1
SOUMOULOU,AIGUILLON,,35.6,60.2,89.8,119.7,21.4
SOUMOULOU,MARMANDE,,33.5,57.1,84.8,112.8,20.1
SOUMOULOU,LA REOLE,,31.9,54.5,81.1,107.7,19.1
SOUMOULOU,LANGON,,31.2,53.1,79.3,105.8,18.7
SOUMOULOU,PODENSAC,,32.5,55.2,82.0,109.4,19.5
SOUMOULOU,PEAGE DE SAINT SELVE,,34.2,57.3,85.4,114.0,20.5
SOUMOULOU,BAZAS,,23.6,39.4,64.3,85.3,14.8
SOUMOULOU,CAPTIEUX,,20.6,34.4,51.3,74.9,12.4
SOUMOULOU,ROQUEFORT,,17.0,32.5,43.1,57.7,10.3
SOUMOULOU,LE CALOY,,16.9,28.7,42.9,51.1,10.2
SOUMOULOU,AIRE SUR ADOUR NORD,,11.5,19.4,28.8,38.7,6.9
SOUMOULOU,GARLIN,,8.2,13.9,20.6,27.6,4.4
SOUMOULOU,THEZE,,5.6,9.4,13.9,18.7,3.4
SOUMOULOU,PEAGE DE SAMES,,10.4,16.3,23.0,31.2,6.5
SOUMOULOU,PEYREHORADE,,7.9,12.6,18.2,24.5,5.2
SOUMOULOU,SALIES,,5.5,8.4,12.3,16.7,3.6
SOUMOULOU,ORTHEZ,,4.3,6.6,10.2,13.4,2.7
SOUMOULOU,ARTIX,,2.4,3.9,5.5,7.5,1.5
SOUMOULOU,LESCAR,,1.6,2.5,3.3,4.4,0.8
SOUMOULOU,PAU CENTRE,,1.2,1.8,2.7,3.4,0.7
SOUMOULOU,TARBES OUEST,,2.0,3.1,4.6,5.8,1.1
SOUMOULOU,TARBES EST,,2.7,4.2,6.1,8.2,1.5
SOUMOULOU,TOURNAY,,3.1,5.1,7.2,9.6,1.9
SOUMOULOU,CAPVERN,,3.6,5.7,8.6,10.4,2.3
SOUMOULOU,LANNEMEZAN,,4.3,6.5,10.2,12.5,2.5
SOUMOULOU,MONTREJEAU,,6.2,9.9,14.9,19.6,3.9
SOUMOULOU,SAINT GAUDENS,,7.4,11.3,17.5,21.5,4.5
SOUMOULOU,PEAGE DE LESTELLE,,10.9,16.6,23.7,31.8,6.5
TARBES OUEST,PEAGE DE TOULOUSE NORD OUEST,,51.6,84.7,127.0,167.2,31.1
TARBES OUEST,SAINT JORY,,51.2,83.5,121.4,164.3,30.5
TARBES OUEST,EUROCENTRE,,50.0,81.2,120.5,162.0,30.0
TARBES OUEST,MONTAUBAN,,49.1,79.8,116.9,156.6,29.1
TARBES OUEST,CASTELSARRASIN,,46.6,76.5,111.9,149.1,27.7
TARBES OUEST,VALENCE D AGEN,,44.3,73.4,107.0,144.5,26.9
TARBES OUEST,AGEN,,41.2,68.6,101.4,135.0,24.7
TARBES OUEST,AGEN OUEST,,41.1,68.5,101.2,134.8,24.6
TARBES OUEST,AIGUILLON,,38.4,63.8,94.9,126.7,22.9
TARBES OUEST,MARMANDE,,36.3,60.7,89.9,119.8,21.6
TARBES OUEST,LA REOLE,,34.7,58.1,86.2,114.7,20.6
TARBES OUEST,LANGON,,34.0,56.7,84.4,112.8,20.2
TARBES OUEST,PODENSAC,,35.3,58.8,87.1,116.4,21.0
TARBES OUEST,PEAGE DE SAINT SELVE,,37.0,60.9,90.5,121.0,22.0
TARBES OUEST,BAZAS,,26.4,43.0,69.4,92.3,16.3
TARBES OUEST,CAPTIEUX,,23.4,38.0,56.4,81.9,13.9
TARBES OUEST,ROQUEFORT,,19.8,36.1,48.2,64.7,11.8
TARBES OUEST,LE CALOY,,19.7,32.3,48.0,58.1,11.7
TARBES OUEST,AIRE SUR ADOUR NORD,,14.3,23.0,33.9,45.7,8.4
TARBES OUEST,GARLIN,,11.0,17.5,25.7,34.6,5.9
TARBES OUEST,THEZE,,8.4,13.0,19.0,25.7,4.9
TARBES OUEST,PEAGE DE SAMES,,14.1,22.1,30.6,39.9,8.3
TARBES OUEST,PEYREHORADE,,11.3,17.7,23.9,33.1,7.0
TARBES OUEST,SALIES,,8.5,13.2,18.9,25.6,5.1
TARBES OUEST,ORTHEZ,,7.7,11.9,17.2,23.1,4.5
TARBES OUEST,ARTIX,,4.9,8.0,12.0,16.3,3.0
TARBES OUEST,LESCAR,,4.3,5.9,8.5,11.2,2.3
TARBES OUEST,PAU CENTRE,,3.1,4.8,7.1,9.1,1.8
TARBES OUEST,SOUMOULOU,,2.0,3.1,4.6,5.8,1.1
TARBES OUEST,TARBES EST,,0.6,1.0,1.4,2.1,0.4
TARBES OUEST,TOURNAY,,1.1,1.7,2.4,3.3,0.7
TARBES OUEST,CAPVERN,,1.5,2.4,3.4,4.8,0.8
TARBES OUEST,LANNEMEZAN,,2.2,3.4,4.4,6.2,1.2
TARBES OUEST,MONTREJEAU,,3.9,6.3,9.1,11.9,2.3
TARBES OUEST,SAINT GAUDENS,,4.8,7.5,10.9,14.8,3.1
TARBES OUEST,PEAGE DE LESTELLE,,8.6,12.6,19.4,25.5,5.2
TARBES EST,PEAGE DE TOULOUSE NORD OUEST,,52.0,85.1,128.1,168.4,31.4
TARBES EST,SAINT JORY,,51.6,83.9,122.5,165.5,30.8
TARBES EST,EUROCENTRE,,50.4,81.6,121.6,163.2,30.3
TARBES EST,MONTAUBAN,,49.5,80.2,118.0,157.8,29.4
TARBES EST,CASTELSARRASIN,,47.0,76.9,113.0,150.3,28.0
TARBES EST,VALENCE D AGEN,,44.7,73.8,108.1,145.7,27.2
TARBES EST,AGEN,,41.6,69.0,102.5,136.2,25.0
TARBES EST,AGEN OUEST,,41.5,68.9,102.3,136.0,24.9
TARBES EST,AIGUILLON,,38.8,64.2,96.0,127.9,23.2
TARBES EST,MARMANDE,,36.7,61.1,91.0,121.0,21.9
TARBES EST,LA REOLE,,35.1,58.5,87.3,115.9,20.9
TARBES EST,LANGON,,34.4,57.1,85.5,114.0,20.5
TARBES EST,PODENSAC,,35.7,59.2,88.2,117.6,21.3
TARBES EST,PEAGE DE SAINT SELVE,,37.4,61.3,91.6,122.2,22.3
TARBES EST,BAZAS,,26.8,43.4,70.5,93.5,16.6
TARBES EST,CAPTIEUX,,23.8,38.4,57.5,83.1,14.2
TARBES EST,ROQUEFORT,,20.2,36.5,49.3,65.9,12.1
TARBES EST,LE CALOY,,20.1,32.7,49.1,59.3,12.0
TARBES EST,AIRE SUR ADOUR NORD,,14.7,23.4,35.0,46.9,8.7
TARBES EST,GARLIN,,11.4,17.9,26.8,35.8,6.2
TARBES EST,THEZE,,8.8,13.4,20.1,26.9,5.2
TARBES EST,PEAGE DE SAMES,,14.4,22.4,31.1,40.4,8.6
TARBES EST,PEYREHORADE,,11.5,18.0,24.2,33.6,7.2
TARBES EST,SALIES,,8.9,13.6,20.4,27.0,5.5
TARBES EST,ORTHEZ,,8.0,12.2,18.4,24.3,4.9
TARBES EST,ARTIX,,5.4,8.3,13.1,17.1,3.4
TARBES EST,LESCAR,,4.6,6.6,9.5,12.4,2.5
TARBES EST,PAU CENTRE,,3.8,5.7,8.2,11.1,2.2
TARBES EST,SOUMOULOU,,2.7,4.2,6.1,8.2,1.5
TARBES EST,TARBES OUEST,,0.6,1.0,1.4,2.1,0.4
TARBES EST,TOURNAY,,0.0,0.0,0.0,0.0,0.0
TARBES EST,CAPVERN,,0.0,0.0,0.0,0.0,0.0
TARBES EST,LANNEMEZAN,,1.1,1.9,2.9,3.7,0.7
TARBES EST,MONTREJEAU,,3.5,5.3,8.2,10.1,2.0
TARBES EST,SAINT GAUDENS,,4.4,6.4,10.3,13.0,2.7
TARBES EST,PEAGE DE LESTELLE,,8.1,11.4,18.4,22.4,4.8
TOURNAY,PEAGE DE TOULOUSE NORD OUEST,,52.3,86.4,129.5,170.0,31.6
TOURNAY,SAINT JORY,,51.9,85.2,123.9,167.1,31.0
TOURNAY,EUROCENTRE,,50.7,82.9,123.0,164.8,30.5
TOURNAY,MONTAUBAN,,49.8,81.5,119.4,159.4,29.6
TOURNAY,CASTELSARRASIN,,47.3,78.2,114.4,151.9,28.2
TOURNAY,VALENCE D AGEN,,45.0,75.1,109.5,147.3,27.4
TOURNAY,AGEN,,41.9,70.3,103.9,137.8,25.2
TOURNAY,AGEN OUEST,,41.8,70.2,103.7,137.6,25.1
TOURNAY,AIGUILLON,,39.1,65.5,97.4,129.5,23.4
TOURNAY,MARMANDE,,37.0,62.4,92.4,122.6,22.1
TOURNAY,LA REOLE,,35.4,59.8,88.7,117.5,21.1
TOURNAY,LANGON,,34.7,58.4,86.9,115.6,20.7
TOURNAY,PODENSAC,,36.0,60.5,89.6,119.2,21.5
TOURNAY,PEAGE DE SAINT SELVE,,37.7,62.6,93.0,123.8,22.5
TOURNAY,BAZAS,,27.1,44.7,71.9,95.1,16.8
TOURNAY,CAPTIEUX,,24.1,39.7,58.9,84.7,14.4
TOURNAY,ROQUEFORT,,20.5,37.8,50.7,67.5,12.3
TOURNAY,LE CALOY,,20.4,34.0,50.5,60.9,12.2
TOURNAY,AIRE SUR ADOUR NORD,,15.0,24.7,36.4,48.5,8.9
TOURNAY,GARLIN,,11.7,19.2,28.2,37.4,6.4
TOURNAY,THEZE,,9.1,14.7,21.5,28.5,5.4
TOURNAY,PEAGE DE SAMES,,15.3,23.0,31.5,42.4,9.1
TOURNAY,PEYREHORADE,,11.7,18.3,25.5,35.6,7.6
TOURNAY,SALIES,,9.5,14.3,20.6,27.9,5.8
TOURNAY,ORTHEZ,,8.6,12.9,18.8,25.3,5.2
TOURNAY,ARTIX,,6.2,9.3,14.1,18.9,4.1
TOURNAY,LESCAR,,4.9,7.6,11.1,14.2,2.7
TOURNAY,PAU CENTRE,,4.2,6.8,9.5,12.7,2.6
TOURNAY,SOUMOULOU,,3.1,5.1,7.2,9.6,1.9
TOURNAY,TARBES OUEST,,1.1,1.7,2.4,3.3,0.7
TOURNAY,TARBES EST,,0.0,0.0,0.0,0.0,0.0
TOURNAY,CAPVERN,,0.0,0.0,0.0,0.0,0.0
TOURNAY,LANNEMEZAN,,0.7,1.2,1.9,2.5,0.5
TOURNAY,MONTREJEAU,,2.7,4.2,6.1,8.4,1.4
TOURNAY,SAINT GAUDENS,,3.6,5.5,8.3,11.0,2.1
TOURNAY,PEAGE DE LESTELLE,,6.8,10.1,15.0,20.1,4.3
CAPVERN,PEAGE DE TOULOUSE NORD OUEST,,53.2,87.3,131.5,172.0,32.2
CAPVERN,SAINT JORY,,52.8,86.1,125.9,169.1,31.6
CAPVERN,EUROCENTRE,,51.6,83.8,125.0,166.8,31.1
CAPVERN,MONTAUBAN,,50.7,82.4,121.4,161.4,30.2
CAPVERN,CASTELSARRASIN,,48.2,79.1,116.4,153.9,28.8
CAPVERN,VALENCE D AGEN,,45.9,76.0,111.5,149.3,28.0
CAPVERN,AGEN,,42.8,71.2,105.9,139.8,25.8
CAPVERN,AGEN OUEST,,42.7,71.1,105.7,139.6,25.7
CAPVERN,AIGUILLON,,40.0,66.4,99.4,131.5,24.0
CAPVERN,MARMANDE,,37.9,63.3,94.4,124.6,22.7
CAPVERN,LA REOLE,,36.3,60.7,90.7,119.5,21.7
CAPVERN,LANGON,,35.6,59.3,88.9,117.6,21.3
CAPVERN,PODENSAC,,36.9,61.4,91.6,121.2,22.1
CAPVERN,PEAGE DE SAINT SELVE,,38.6,63.5,95.0,125.8,23.1
CAPVERN,BAZAS,,28.0,45.6,73.9,97.1,17.4
CAPVERN,CAPTIEUX,,25.0,40.6,60.9,86.7,15.0
CAPVERN,ROQUEFORT,,21.4,38.7,52.7,69.5,12.9
CAPVERN,LE CALOY,,21.3,34.9,52.5,62.9,12.8
CAPVERN,AIRE SUR ADOUR NORD,,15.9,25.6,38.4,50.5,9.5
CAPVERN,GARLIN,,12.6,20.1,30.2,39.4,7.0
CAPVERN,THEZE,,10.0,15.6,23.5,30.5,6.0
CAPVERN,PEAGE DE SAMES,,15.5,23.4,32.6,43.4,9.5
CAPVERN,PEYREHORADE,,12.4,19.0,25.9,36.0,7.7
CAPVERN,SALIES,,10.0,14.8,21.0,28.3,6.1
CAPVERN,ORTHEZ,,9.2,13.5,19.0,25.5,5.6
CAPVERN,ARTIX,,6.8,9.9,14.2,20.2,4.2
CAPVERN,LESCAR,,5.3,8.5,12.0,15.5,3.5
CAPVERN,PAU CENTRE,,4.8,7.4,11.3,13.9,3.0
CAPVERN,SOUMOULOU,,3.6,5.7,8.6,10.4,2.3
CAPVERN,TARBES OUEST,,1.5,2.4,3.4,4.8,0.8
CAPVERN,TARBES EST,,0.0,0.0,0.0,0.0,0.0
CAPVERN,TOURNAY,,0.0,0.0,0.0,0.0,0.0
CAPVERN,LANNEMEZAN,,0.4,0.6,0.9,1.2,0.3
CAPVERN,MONTREJEAU,,2.2,3.6,5.2,7.1,1.2
CAPVERN,SAINT GAUDENS,,3.3,4.8,7.2,9.8,1.7
CAPVERN,PEAGE DE LESTELLE,,6.4,9.6,14.3,19.6,3.9
LANNEMEZAN,PEAGE DE TOULOUSE NORD OUEST,,53.6,88.3,132.4,174.5,32.4
LANNEMEZAN,SAINT JORY,,53.2,87.1,126.8,171.6,31.8
LANNEMEZAN,EUROCENTRE,,52.0,84.8,125.9,169.3,31.3
LANNEMEZAN,MONTAUBAN,,51.1,83.4,122.3,163.9,30.4
LANNEMEZAN,CASTELSARRASIN,,48.6,80.1,117.3,156.4,29.0
LANNEMEZAN,VALENCE D AGEN,,46.3,77.0,112.4,151.8,28.2
LANNEMEZAN,AGEN,,43.2,72.2,106.8,142.3,26.0
LANNEMEZAN,AGEN OUEST,,43.1,72.1,106.6,142.1,25.9
LANNEMEZAN,AIGUILLON,,40.4,67.4,100.3,134.0,24.2
LANNEMEZAN,MARMANDE,,38.3,64.3,95.3,127.1,22.9
LANNEMEZAN,LA REOLE,,36.7,61.7,91.6,122.0,21.9
LANNEMEZAN,LANGON,,36.0,60.3,89.8,120.1,21.5
LANNEMEZAN,PODENSAC,,37.3,62.4,92.5,123.7,22.3
LANNEMEZAN,PEAGE DE SAINT SELVE,,39.0,64.5,95.9,128.3,23.3
LANNEMEZAN,BAZAS,,28.4,46.6,74.8,99.6,17.6
LANNEMEZAN,CAPTIEUX,,25.4,41.6,61.8,89.2,15.2
LANNEMEZAN,ROQUEFORT,,21.8,39.7,53.6,72.0,13.1
LANNEMEZAN,LE CALOY,,21.7,35.9,53.4,65.4,13.0
LANNEMEZAN,AIRE SUR ADOUR NORD,,16.3,26.6,39.3,53.0,9.7
LANNEMEZAN,GARLIN,,13.0,21.1,31.1,41.9,7.2
LANNEMEZAN,THEZE,,10.4,16.6,24.4,33.0,6.2
LANNEMEZAN,PEAGE DE SAMES,,15.8,24.8,34.2,47.9,9.8
LANNEMEZAN,PEYREHORADE,,12.7,19.7,28.7,36.7,8.1
LANNEMEZAN,SALIES,,10.5,16.3,24.5,33.2,6.5
LANNEMEZAN,ORTHEZ,,9.6,14.9,22.6,30.6,5.9
LANNEMEZAN,ARTIX,,7.4,11.2,16.6,22.7,4.8
LANNEMEZAN,LESCAR,,5.9,9.4,14.1,17.8,3.8
LANNEMEZAN,PAU CENTRE,,5.5,8.3,12.8,15.8,3.2
LANNEMEZAN,SOUMOULOU,,4.3,6.5,10.2,12.5,2.5
LANNEMEZAN,TARBES OUEST,,2.2,3.4,4.4,6.2,1.2
LANNEMEZAN,TARBES EST,,1.1,1.9,2.9,3.7,0.7
LANNEMEZAN,TOURNAY,,0.7,1.2,1.9,2.5,0.5
LANNEMEZAN,CAPVERN,,0.4,0.6,0.9,1.2,0.3
LANNEMEZAN,MONTREJEAU,,1.7,2.6,4.0,5.5,0.9
LANNEMEZAN,SAINT GAUDENS,,2.8,4.4,6.4,8.1,1.6
LANNEMEZAN,PEAGE DE LESTELLE,,5.9,9.0,12.9,18.0,3.7
MONTREJEAU,PEAGE DE TOULOUSE NORD OUEST,,55.9,91.6,136.5,179.8,33.5
MONTREJEAU,SAINT JORY,,55.5,90.4,130.9,176.9,32.9
MONTREJEAU,EUROCENTRE,,54.3,88.1,130.0,174.6,32.4
MONTREJEAU,MONTAUBAN,,53.4,86.7,126.4,169.2,31.5
MONTREJEAU,CASTELSARRASIN,,50.9,83.4,121.4,161.7,30.1
MONTREJEAU,VALENCE D AGEN,,48.6,80.3,116.5,157.1,29.3
MONTREJEAU,AGEN,,45.5,75.5,110.9,147.6,27.1
MONTREJEAU,AGEN OUEST,,45.4,75.4,110.7,147.4,27.0
MONTREJEAU,AIGUILLON,,42.7,70.7,104.4,139.3,25.3
MONTREJEAU,MARMANDE,,40.6,67.6,99.4,132.4,24.0
MONTREJEAU,LA REOLE,,39.0,65.0,95.7,127.3,23.0
MONTREJEAU,LANGON,,38.3,63.6,93.9,125.4,22.6
MONTREJEAU,PODENSAC,,39.6,65.7,96.6,129.0,23.4
MONTREJEAU,PEAGE DE SAINT SELVE,,41.3,67.8,100.0,133.6,24.4
MONTREJEAU,BAZAS,,30.7,49.9,78.9,104.9,18.7
MONTREJEAU,CAPTIEUX,,27.7,44.9,65.9,94.5,16.3
MONTREJEAU,ROQUEFORT,,24.1,43.0,57.7,77.3,14.2
MONTREJEAU,LE CALOY,,24.0,39.2,57.5,70.7,14.1
MONTREJEAU,AIRE SUR ADOUR NORD,,18.6,29.9,43.4,58.3,10.8
MONTREJEAU,GARLIN,,15.3,24.4,35.2,47.2,8.3
MONTREJEAU,THEZE,,12.7,19.9,28.5,38.3,7.3
MONTREJEAU,PEAGE DE SAMES,,17.3,28.0,38.5,50.7,11.0
MONTREJEAU,PEYREHORADE,,14.4,23.9,33.0,45.0,9.1
MONTREJEAU,SALIES,,12.3,20.1,28.9,38.6,7.8
MONTREJEAU,ORTHEZ,,11.3,18.7,27.0,35.8,7.2
MONTREJEAU,ARTIX,,9.1,15.4,20.6,28.0,5.8
MONTREJEAU,LESCAR,,8.5,12.6,18.0,24.0,5.0
MONTREJEAU,PAU CENTRE,,7.3,11.6,17.3,22.9,4.6
MONTREJEAU,SOUMOULOU,,6.2,9.9,14.9,19.6,3.9
MONTREJEAU,TARBES OUEST,,3.9,6.3,9.1,11.9,2.3
MONTREJEAU,TARBES EST,,3.5,5.3,8.2,10.1,2.0
MONTREJEAU,TOURNAY,,2.7,4.2,6.1,8.4,1.4
MONTREJEAU,CAPVERN,,2.2,3.6,5.2,7.1,1.2
MONTREJEAU,LANNEMEZAN,,1.7,2.6,4.0,5.5,0.9
MONTREJEAU,SAINT GAUDENS,,1.4,2.2,3.1,4.0,0.8
MONTREJEAU,PEAGE DE LESTELLE,,4.2,7.0,9.4,13.5,2.5
SAINT GAUDENS,PEAGE DE TOULOUSE NORD OUEST,,56.8,92.7,139.0,182.6,34.4
SAINT GAUDENS,SAINT JORY,,56.4,91.5,133.4,179.7,33.8
SAINT GAUDENS,EUROCENTRE,,55.2,89.2,132.5,177.4,33.3
SAINT GAUDENS,MONTAUBAN,,54.3,87.8,128.9,172.0,32.4
SAINT GAUDENS,CASTELSARRASIN,,51.8,84.5,123.9,164.5,31.0
SAINT GAUDENS,VALENCE D AGEN,,49.5,81.4,119.0,159.9,30.2
SAINT GAUDENS,AGEN,,46.4,76.6,113.4,150.4,28.0
SAINT GAUDENS,AGEN OUEST,,46.3,76.5,113.2,150.2,27.9
SAINT GAUDENS,AIGUILLON,,43.6,71.8,106.9,142.1,26.2
SAINT GAUDENS,MARMANDE,,41.5,68.7,101.9,135.2,24.9
SAINT GAUDENS,LA REOLE,,39.9,66.1,98.2,130.1,23.9
SAINT GAUDENS,LANGON,,39.2,64.7,96.4,128.2,23.5
SAINT GAUDENS,PODENSAC,,40.5,66.8,99.1,131.8,24.3
SAINT GAUDENS,PEAGE DE SAINT SELVE,,42.2,68.9,102.5,136.4,25.3
SAINT GAUDENS,BAZAS,,31.6,51.0,81.4,107.7,19.6
SAINT GAUDENS,CAPTIEUX,,28.6,46.0,68.4,97.3,17.2
SAINT GAUDENS,ROQUEFORT,,25.0,44.1,60.2,80.1,15.1
SAINT GAUDENS,LE CALOY,,24.9,40.3,60.0,73.5,15.0
SAINT GAUDENS,AIRE SUR ADOUR NORD,,19.5,31.0,45.9,61.1,11.7
SAINT GAUDENS,GARLIN,,16.2,25.5,37.7,50.0,9.2
SAINT GAUDENS,THEZE,,13.6,21.0,31.0,41.1,8.2
SAINT GAUDENS,PEAGE DE SAMES,,19.6,29.5,41.6,56.4,11.7
SAINT GAUDENS,PEYREHORADE,,16.5,24.9,35.8,48.5,9.9
SAINT GAUDENS,SALIES,,13.9,21.4,30.8,41.8,8.4
SAINT GAUDENS,ORTHEZ,,13.0,20.0,29.1,39.2,7.8
SAINT GAUDENS,ARTIX,,11.0,16.0,23.1,32.0,6.7
SAINT GAUDENS,LESCAR,,9.5,14.2,19.9,25.8,5.7
SAINT GAUDENS,PAU CENTRE,,8.5,13.0,19.8,24.7,5.2
SAINT GAUDENS,SOUMOULOU,,7.4,11.3,17.5,21.5,4.5
SAINT GAUDENS,TARBES OUEST,,4.8,7.5,10.9,14.8,3.1
SAINT GAUDENS,TARBES EST,,4.4,6.4,10.3,13.0,2.7
SAINT GAUDENS,TOURNAY,,3.6,5.5,8.3,11.0,2.1
SAINT GAUDENS,CAPVERN,,3.3,4.8,7.2,9.8,1.7
SAINT GAUDENS,LANNEMEZAN,,2.8,4.4,6.4,8.1,1.6
SAINT GAUDENS,MONTREJEAU,,1.4,2.2,3.1,4.0,0.8
SAINT GAUDENS,PEAGE DE LESTELLE,,2.1,3.8,5.5,6.7,1.3
PEAGE DE LESTELLE,PEAGE DE TOULOUSE NORD OUEST,,60.5,98.1,147.0,192.0,36.1
PEAGE DE LESTELLE,SAINT JORY,,60.1,96.9,141.4,189.1,35.5
PEAGE DE LESTELLE,EUROCENTRE,,58.9,94.6,140.5,186.8,35.0
PEAGE DE LESTELLE,MONTAUBAN,,58.0,93.2,136.9,181.4,34.1
PEAGE DE LESTELLE,CASTELSARRASIN,,55.5,89.9,131.9,173.9,32.7
PEAGE DE LESTELLE,VALENCE D AGEN,,53.2,86.8,127.0,169.3,31.9
PEAGE DE LESTELLE,AGEN,,50.1,82.0,121.4,159.8,29.7
PEAGE DE LESTELLE,AGEN OUEST,,50.0,81.9,121.2,159.6,29.6
PEAGE DE LESTELLE,AIGUILLON,,47.3,77.2,114.9,151.5,27.9
PEAGE DE LESTELLE,MARMANDE,,45.2,74.1,109.9,144.6,26.6
PEAGE DE LESTELLE,LA REOLE,,43.6,71.5,106.2,139.5,25.6
PEAGE DE LESTELLE,LANGON,,42.9,70.1,104.4,137.6,25.2
PEAGE DE LESTELLE,PODENSAC,,44.2,72.2,107.1,141.2,26.0
PEAGE DE LESTELLE,PEAGE DE SAINT SELVE,,45.9,74.3,110.5,145.8,27.0
PEAGE DE LESTELLE,BAZAS,,35.3,56.4,89.4,117.1,21.3
PEAGE DE LESTELLE,CAPTIEUX,,32.3,51.4,76.4,106.7,18.9
PEAGE DE LESTELLE,ROQUEFORT,,28.7,49.5,68.2,89.5,16.8
PEAGE DE LESTELLE,LE CALOY,,28.6,45.7,68.0,82.9,16.7
PEAGE DE LESTELLE,AIRE SUR ADOUR NORD,,23.2,36.4,53.9,70.5,13.4
PEAGE DE LESTELLE,GARLIN,,19.9,30.9,45.7,59.4,10.9
PEAGE DE LESTELLE,THEZE,,17.3,26.4,39.0,50.5,9.9
PEAGE DE LESTELLE,PEAGE DE SAMES,,22.3,35.7,49.8,66.9,14.0
PEAGE DE LESTELLE,PEYREHORADE,,20.2,31.5,43.2,57.8,12.4
PEAGE DE LESTELLE,SALIES,,17.2,26.6,39.0,51.8,10.6
PEAGE DE LESTELLE,ORTHEZ,,16.3,25.1,37.0,49.3,10.0
PEAGE DE LESTELLE,ARTIX,,13.9,21.1,31.1,42.4,8.6
PEAGE DE LESTELLE,LESCAR,,13.5,19.3,26.8,35.3,7.6
PEAGE DE LESTELLE,PAU CENTRE,,12.0,18.3,26.3,35.2,7.1
PEAGE DE LESTELLE,SOUMOULOU,,10.9,16.6,23.7,31.8,6.5
PEAGE DE LESTELLE,TARBES OUEST,,8.6,12.6,19.4,25.5,5.2
PEAGE DE LESTELLE,TARBES EST,,8.1,11.4,18.4,22.4,4.8
PEAGE DE LESTELLE,TOURNAY,,6.8,10.1,15.0,20.1,4.3
PEAGE DE LESTELLE,CAPVERN,,6.4,9.6,14.3,19.6,3.9
PEAGE DE LESTELLE,LANNEMEZAN,,5.9,9.0,12.9,18.0,3.7
PEAGE DE LESTELLE,MONTREJEAU,,4.2,7.0,9.4,13.5,2.5
PEAGE DE LESTELLE,SAINT GAUDENS,,2.1,3.8,5.5,6.7,1.3
