name_from;name_to;distance;price1;price2;price3;price4;price5
SETE;PEAGE DE VIENNE;;34.4;54.3;73.7;97.5;20.1
PEAGE DE VIENNE;SETE;;34.4;54.3;73.7;97.5;20.1
SETE;AUBERIVES;;29.9;46.1;65.4;85.2;17.3
AUBERIVES;SETE;;29.9;46.1;65.4;85.2;17.3
SETE;CHANAS;;28.4;44.3;61.8;81.6;16.6
CHANAS;SETE;;28.4;44.3;61.8;81.6;16.6
SETE;TAIN;;25.7;40.3;56.2;74.3;14.9
TAIN;SETE;;25.7;40.3;56.2;74.3;14.9
SETE;VALENCE NORD;;24.8;37.7;53.1;69.5;14.2
VALENCE NORD;SETE;;24.8;37.7;53.1;69.5;14.2
SETE;VALENCE SUD;;24.4;37.5;52.9;69.2;14.1
VALENCE SUD;SETE;;24.4;37.5;52.9;69.2;14.1
SETE;LORIOL;;21.3;33.3;46.4;60.8;12.0
LORIOL;SETE;;21.3;33.3;46.4;60.8;12.0
SETE;MONTELIMAR NORD;;19.8;30.3;42.3;55.9;11.2
MONTELIMAR NORD;SETE;;19.8;30.3;42.3;55.9;11.2
SETE;MONTELIMAR SUD;;17.0;26.3;36.5;48.8;9.6
MONTELIMAR SUD;SETE;;17.0;26.3;36.5;48.8;9.6
SETE;BOLLENE;;15.3;24.1;33.4;44.0;8.7
BOLLENE;SETE;;15.3;24.1;33.4;44.0;8.7
SETE;ORANGE NORD;;11.8;18.3;25.5;34.2;7.2
ORANGE NORD;SETE;;11.8;18.3;25.5;34.2;7.2
SETE;ORANGE;;11.6;18.1;24.6;32.3;7.0
ORANGE;SETE;;11.6;18.1;24.6;32.3;7.0
SETE;ROQUEMAURE;;10.6;17.0;23.9;31.0;6.3
ROQUEMAURE;SETE;;10.6;17.0;23.9;31.0;6.3
SETE;REMOULINS;;8.7;14.3;20.2;26.4;5.3
REMOULINS;SETE;;8.7;14.3;20.2;26.4;5.3
SETE;NIMES EST;;6.3;9.7;13.7;17.8;3.6
NIMES EST;SETE;;6.3;9.7;13.7;17.8;3.6
SETE;NIMES OUEST;;5.5;8.7;12.8;16.8;3.4
NIMES OUEST;SETE;;5.5;8.7;12.8;16.8;3.4
SETE;NIMES CENTRE;;5.6;9.1;13.1;17.0;3.5
NIMES CENTRE;SETE;;5.6;9.1;13.1;17.0;3.5
SETE;NIMES GARONS;;6.6;9.8;15.4;20.4;3.9
NIMES GARONS;SETE;;6.6;9.8;15.4;20.4;3.9
SETE;PEAGE D ARLES;;9.5;14.0;19.2;25.3;5.5
PEAGE D ARLES;SETE;;9.5;14.0;19.2;25.3;5.5
SETE;GALLARGUES;;3.7;5.7;7.8;9.9;2.0
GALLARGUES;SETE;;3.7;5.7;7.8;9.9;2.0
SETE;LUNEL;;3.3;5.2;6.9;8.3;1.6
LUNEL;SETE;;3.3;5.2;6.9;8.3;1.6
AGDE PEZENAS;PEAGE DE VIENNE;;37.0;57.6;79.1;104.0;21.6
PEAGE DE VIENNE;AGDE PEZENAS;;37.0;57.6;79.1;104.0;21.6
AGDE PEZENAS;AUBERIVES;;32.3;49.7;70.7;92.1;18.9
AUBERIVES;AGDE PEZENAS;;32.3;49.7;70.7;92.1;18.9
AGDE PEZENAS;CHANAS;;31.1;47.7;68.0;89.1;18.2
CHANAS;AGDE PEZENAS;;31.1;47.7;68.0;89.1;18.2
AGDE PEZENAS;TAIN;;28.1;43.5;61.7;81.4;16.4
TAIN;AGDE PEZENAS;;28.1;43.5;61.7;81.4;16.4
AGDE PEZENAS;VALENCE NORD;;27.0;40.9;58.4;76.1;15.7
VALENCE NORD;AGDE PEZENAS;;27.0;40.9;58.4;76.1;15.7
AGDE PEZENAS;VALENCE SUD;;26.7;40.7;58.2;75.9;15.6
VALENCE SUD;AGDE PEZENAS;;26.7;40.7;58.2;75.9;15.6
AGDE PEZENAS;LORIOL;;23.7;37.0;52.3;67.8;13.6
LORIOL;AGDE PEZENAS;;23.7;37.0;52.3;67.8;13.6
AGDE PEZENAS;MONTELIMAR NORD;;22.1;33.7;47.9;63.3;12.7
MONTELIMAR NORD;AGDE PEZENAS;;22.1;33.7;47.9;63.3;12.7
AGDE PEZENAS;MONTELIMAR SUD;;19.3;29.6;42.5;56.0;11.0
MONTELIMAR SUD;AGDE PEZENAS;;19.3;29.6;42.5;56.0;11.0
AGDE PEZENAS;BOLLENE;;17.8;27.1;39.4;51.3;10.2
BOLLENE;AGDE PEZENAS;;17.8;27.1;39.4;51.3;10.2
AGDE PEZENAS;ORANGE NORD;;14.1;21.4;31.6;41.2;8.7
ORANGE NORD;AGDE PEZENAS;;14.1;21.4;31.6;41.2;8.7
AGDE PEZENAS;ORANGE;;14.0;21.2;30.0;39.2;8.5
ORANGE;AGDE PEZENAS;;14.0;21.2;30.0;39.2;8.5
AGDE PEZENAS;ROQUEMAURE;;13.0;20.3;29.6;38.2;8.0
ROQUEMAURE;AGDE PEZENAS;;13.0;20.3;29.6;38.2;8.0
AGDE PEZENAS;REMOULINS;;11.1;17.8;25.8;33.3;7.0
REMOULINS;AGDE PEZENAS;;11.1;17.8;25.8;33.3;7.0
AGDE PEZENAS;NIMES EST;;8.7;13.0;19.5;24.9;5.3
NIMES EST;AGDE PEZENAS;;8.7;13.0;19.5;24.9;5.3
AGDE PEZENAS;NIMES OUEST;;7.9;12.1;18.3;23.8;5.0
NIMES OUEST;AGDE PEZENAS;;7.9;12.1;18.3;23.8;5.0
AGDE PEZENAS;NIMES CENTRE;;8.1;12.5;18.9;24.1;5.1
NIMES CENTRE;AGDE PEZENAS;;8.1;12.5;18.9;24.1;5.1
AGDE PEZENAS;NIMES GARONS;;9.1;13.2;20.9;27.6;5.4
NIMES GARONS;AGDE PEZENAS;;9.1;13.2;20.9;27.6;5.4
AGDE PEZENAS;PEAGE D ARLES;;11.8;17.6;25.3;32.9;7.2
PEAGE D ARLES;AGDE PEZENAS;;11.8;17.6;25.3;32.9;7.2
AGDE PEZENAS;GALLARGUES;;6.1;9.0;13.4;16.9;3.6
GALLARGUES;AGDE PEZENAS;;6.1;9.0;13.4;16.9;3.6
AGDE PEZENAS;LUNEL;;5.6;8.6;12.6;15.2;3.5
LUNEL;AGDE PEZENAS;;5.6;8.6;12.6;15.2;3.5
PEAGE DE BEZIERS CABRIALS;PEAGE DE VIENNE;;38.0;59.8;82.8;109.8;22.7
PEAGE DE VIENNE;PEAGE DE BEZIERS CABRIALS;;38.0;59.8;82.8;109.8;22.7
PEAGE DE BEZIERS CABRIALS;AUBERIVES;;33.2;52.3;73.5;96.9;20.1
AUBERIVES;PEAGE DE BEZIERS CABRIALS;;33.2;52.3;73.5;96.9;20.1
PEAGE DE BEZIERS CABRIALS;CHANAS;;32.1;50.2;71.2;94.9;19.3
CHANAS;PEAGE DE BEZIERS CABRIALS;;32.1;50.2;71.2;94.9;19.3
PEAGE DE BEZIERS CABRIALS;TAIN;;29.4;45.8;65.3;87.4;17.6
TAIN;PEAGE DE BEZIERS CABRIALS;;29.4;45.8;65.3;87.4;17.6
PEAGE DE BEZIERS CABRIALS;VALENCE NORD;;28.0;43.3;61.7;81.6;16.7
VALENCE NORD;PEAGE DE BEZIERS CABRIALS;;28.0;43.3;61.7;81.6;16.7
PEAGE DE BEZIERS CABRIALS;VALENCE SUD;;27.7;43.0;61.5;81.4;16.6
VALENCE SUD;PEAGE DE BEZIERS CABRIALS;;27.7;43.0;61.5;81.4;16.6
PEAGE DE BEZIERS CABRIALS;LORIOL;;24.7;39.1;55.3;73.2;14.6
LORIOL;PEAGE DE BEZIERS CABRIALS;;24.7;39.1;55.3;73.2;14.6
PEAGE DE BEZIERS CABRIALS;MONTELIMAR NORD;;23.4;36.4;51.4;68.5;13.8
MONTELIMAR NORD;PEAGE DE BEZIERS CABRIALS;;23.4;36.4;51.4;68.5;13.8
PEAGE DE BEZIERS CABRIALS;MONTELIMAR SUD;;20.5;32.7;45.9;61.1;12.2
MONTELIMAR SUD;PEAGE DE BEZIERS CABRIALS;;20.5;32.7;45.9;61.1;12.2
PEAGE DE BEZIERS CABRIALS;BOLLENE;;19.1;30.2;42.9;56.6;11.3
BOLLENE;PEAGE DE BEZIERS CABRIALS;;19.1;30.2;42.9;56.6;11.3
PEAGE DE BEZIERS CABRIALS;ORANGE NORD;;15.6;23.7;34.0;45.9;9.6
ORANGE NORD;PEAGE DE BEZIERS CABRIALS;;15.6;23.7;34.0;45.9;9.6
PEAGE DE BEZIERS CABRIALS;ORANGE;;15.5;23.5;33.5;45.0;9.5
ORANGE;PEAGE DE BEZIERS CABRIALS;;15.5;23.5;33.5;45.0;9.5
PEAGE DE BEZIERS CABRIALS;ROQUEMAURE;;14.1;23.0;33.0;43.8;9.0
ROQUEMAURE;PEAGE DE BEZIERS CABRIALS;;14.1;23.0;33.0;43.8;9.0
PEAGE DE BEZIERS CABRIALS;REMOULINS;;12.7;20.4;29.3;39.3;7.9
REMOULINS;PEAGE DE BEZIERS CABRIALS;;12.7;20.4;29.3;39.3;7.9
PEAGE DE BEZIERS CABRIALS;NIMES EST;;9.9;15.8;22.8;30.1;6.3
NIMES EST;PEAGE DE BEZIERS CABRIALS;;9.9;15.8;22.8;30.1;6.3
PEAGE DE BEZIERS CABRIALS;NIMES OUEST;;9.3;14.3;21.7;29.0;6.0
NIMES OUEST;PEAGE DE BEZIERS CABRIALS;;9.3;14.3;21.7;29.0;6.0
PEAGE DE BEZIERS CABRIALS;NIMES CENTRE;;9.5;14.7;22.2;29.2;6.1
NIMES CENTRE;PEAGE DE BEZIERS CABRIALS;;9.5;14.7;22.2;29.2;6.1
PEAGE DE BEZIERS CABRIALS;NIMES GARONS;;10.2;15.1;23.9;32.1;6.4
NIMES GARONS;PEAGE DE BEZIERS CABRIALS;;10.2;15.1;23.9;32.1;6.4
PEAGE DE BEZIERS CABRIALS;PEAGE D ARLES;;13.0;19.6;28.1;37.7;8.2
PEAGE D ARLES;PEAGE DE BEZIERS CABRIALS;;13.0;19.6;28.1;37.7;8.2
PEAGE DE BEZIERS CABRIALS;GALLARGUES;;7.2;11.0;16.1;21.3;4.6
GALLARGUES;PEAGE DE BEZIERS CABRIALS;;7.2;11.0;16.1;21.3;4.6
PEAGE DE BEZIERS CABRIALS;LUNEL;;7.0;10.6;15.4;20.3;4.3
LUNEL;PEAGE DE BEZIERS CABRIALS;;7.0;10.6;15.4;20.3;4.3
BEZIERS OUEST;PEAGE DE VIENNE;;38.6;60.6;83.6;110.3;22.9
PEAGE DE VIENNE;BEZIERS OUEST;;38.6;60.6;83.6;110.3;22.9
BEZIERS OUEST;AUBERIVES;;34.2;53.2;74.4;97.5;20.4
AUBERIVES;BEZIERS OUEST;;34.2;53.2;74.4;97.5;20.4
BEZIERS OUEST;CHANAS;;32.9;51.1;72.0;95.5;19.5
CHANAS;BEZIERS OUEST;;32.9;51.1;72.0;95.5;19.5
BEZIERS OUEST;TAIN;;30.2;46.7;66.1;88.1;17.8
TAIN;BEZIERS OUEST;;30.2;46.7;66.1;88.1;17.8
BEZIERS OUEST;VALENCE NORD;;28.8;44.2;62.4;82.4;16.9
VALENCE NORD;BEZIERS OUEST;;28.8;44.2;62.4;82.4;16.9
BEZIERS OUEST;VALENCE SUD;;28.5;43.9;62.2;82.2;16.8
VALENCE SUD;BEZIERS OUEST;;28.5;43.9;62.2;82.2;16.8
BEZIERS OUEST;LORIOL;;25.5;40.4;56.1;73.8;14.9
LORIOL;BEZIERS OUEST;;25.5;40.4;56.1;73.8;14.9
BEZIERS OUEST;MONTELIMAR NORD;;24.1;37.3;52.3;69.3;14.0
MONTELIMAR NORD;BEZIERS OUEST;;24.1;37.3;52.3;69.3;14.0
BEZIERS OUEST;MONTELIMAR SUD;;21.3;33.6;46.7;62.2;12.5
MONTELIMAR SUD;BEZIERS OUEST;;21.3;33.6;46.7;62.2;12.5
BEZIERS OUEST;BOLLENE;;19.9;31.1;43.7;57.5;11.5
BOLLENE;BEZIERS OUEST;;19.9;31.1;43.7;57.5;11.5
BEZIERS OUEST;ORANGE NORD;;16.5;25.1;35.3;47.4;9.9
ORANGE NORD;BEZIERS OUEST;;16.5;25.1;35.3;47.4;9.9
BEZIERS OUEST;ORANGE;;16.3;24.8;34.1;45.8;9.7
ORANGE;BEZIERS OUEST;;16.3;24.8;34.1;45.8;9.7
BEZIERS OUEST;ROQUEMAURE;;14.9;23.9;33.6;44.5;9.2
ROQUEMAURE;BEZIERS OUEST;;14.9;23.9;33.6;44.5;9.2
BEZIERS OUEST;REMOULINS;;13.6;21.3;30.1;40.4;8.2
REMOULINS;BEZIERS OUEST;;13.6;21.3;30.1;40.4;8.2
BEZIERS OUEST;NIMES EST;;10.7;17.0;24.0;31.6;6.6
NIMES EST;BEZIERS OUEST;;10.7;17.0;24.0;31.6;6.6
BEZIERS OUEST;NIMES OUEST;;10.2;15.6;22.6;30.5;6.2
NIMES OUEST;BEZIERS OUEST;;10.2;15.6;22.6;30.5;6.2
BEZIERS OUEST;NIMES CENTRE;;10.3;16.0;23.2;30.6;6.3
NIMES CENTRE;BEZIERS OUEST;;10.3;16.0;23.2;30.6;6.3
BEZIERS OUEST;NIMES GARONS;;10.9;16.7;24.7;33.4;6.8
NIMES GARONS;BEZIERS OUEST;;10.9;16.7;24.7;33.4;6.8
BEZIERS OUEST;PEAGE D ARLES;;14.0;20.9;29.0;39.8;8.3
PEAGE D ARLES;BEZIERS OUEST;;14.0;20.9;29.0;39.8;8.3
BEZIERS OUEST;GALLARGUES;;8.2;12.6;17.4;23.3;4.8
GALLARGUES;BEZIERS OUEST;;8.2;12.6;17.4;23.3;4.8
BEZIERS OUEST;LUNEL;;7.8;12.1;16.6;22.1;4.6
LUNEL;BEZIERS OUEST;;7.8;12.1;16.6;22.1;4.6
NARBONNE EST;PEAGE DE VIENNE;;42.5;65.9;91.3;119.6;24.7
PEAGE DE VIENNE;NARBONNE EST;;42.5;65.9;91.3;119.6;24.7
NARBONNE EST;AUBERIVES;;38.0;57.8;82.1;106.7;22.0
AUBERIVES;NARBONNE EST;;38.0;57.8;82.1;106.7;22.0
NARBONNE EST;CHANAS;;36.6;56.0;79.6;104.3;21.3
CHANAS;NARBONNE EST;;36.6;56.0;79.6;104.3;21.3
NARBONNE EST;TAIN;;33.9;51.9;73.7;96.7;19.6
TAIN;NARBONNE EST;;33.9;51.9;73.7;96.7;19.6
NARBONNE EST;VALENCE NORD;;32.7;49.1;70.2;91.8;18.9
VALENCE NORD;NARBONNE EST;;32.7;49.1;70.2;91.8;18.9
NARBONNE EST;VALENCE SUD;;32.3;48.9;70.0;91.6;18.8
VALENCE SUD;NARBONNE EST;;32.3;48.9;70.0;91.6;18.8
NARBONNE EST;LORIOL;;29.3;45.3;63.7;82.3;16.6
LORIOL;NARBONNE EST;;29.3;45.3;63.7;82.3;16.6
NARBONNE EST;MONTELIMAR NORD;;27.7;42.3;60.1;78.9;15.8
MONTELIMAR NORD;NARBONNE EST;;27.7;42.3;60.1;78.9;15.8
NARBONNE EST;MONTELIMAR SUD;;25.0;38.1;54.7;71.5;14.3
MONTELIMAR SUD;NARBONNE EST;;25.0;38.1;54.7;71.5;14.3
NARBONNE EST;BOLLENE;;23.4;35.9;51.9;67.5;13.5
BOLLENE;NARBONNE EST;;23.4;35.9;51.9;67.5;13.5
NARBONNE EST;ORANGE NORD;;19.8;29.8;43.0;55.8;11.8
ORANGE NORD;NARBONNE EST;;19.8;29.8;43.0;55.8;11.8
NARBONNE EST;ORANGE;;19.7;29.6;42.0;53.9;11.6
ORANGE;NARBONNE EST;;19.7;29.6;42.0;53.9;11.6
NARBONNE EST;ROQUEMAURE;;18.8;28.2;41.8;53.5;11.0
ROQUEMAURE;NARBONNE EST;;18.8;28.2;41.8;53.5;11.0
NARBONNE EST;REMOULINS;;16.9;26.2;38.3;49.4;9.9
REMOULINS;NARBONNE EST;;16.9;26.2;38.3;49.4;9.9
NARBONNE EST;NIMES EST;;14.3;21.7;31.4;40.7;8.4
NIMES EST;NARBONNE EST;;14.3;21.7;31.4;40.7;8.4
NARBONNE EST;NIMES OUEST;;13.7;20.7;30.1;39.7;8.1
NIMES OUEST;NARBONNE EST;;13.7;20.7;30.1;39.7;8.1
NARBONNE EST;NIMES CENTRE;;13.8;21.1;31.1;39.8;8.2
NIMES CENTRE;NARBONNE EST;;13.8;21.1;31.1;39.8;8.2
NARBONNE EST;NIMES GARONS;;14.6;21.6;32.8;42.7;8.6
NIMES GARONS;NARBONNE EST;;14.6;21.6;32.8;42.7;8.6
NARBONNE EST;PEAGE D ARLES;;17.4;26.3;37.3;48.4;10.2
PEAGE D ARLES;NARBONNE EST;;17.4;26.3;37.3;48.4;10.2
NARBONNE EST;GALLARGUES;;11.7;17.4;25.0;31.7;6.9
GALLARGUES;NARBONNE EST;;11.7;17.4;25.0;31.7;6.9
NARBONNE EST;LUNEL;;11.3;17.0;24.0;30.7;6.6
LUNEL;NARBONNE EST;;11.3;17.0;24.0;30.7;6.6
NARBONNE SUD;PEAGE DE VIENNE;;42.7;66.2;91.7;120.2;24.8
PEAGE DE VIENNE;NARBONNE SUD;;42.7;66.2;91.7;120.2;24.8
NARBONNE SUD;AUBERIVES;;38.2;58.0;82.5;107.3;22.1
AUBERIVES;NARBONNE SUD;;38.2;58.0;82.5;107.3;22.1
NARBONNE SUD;CHANAS;;36.8;56.2;80.2;104.9;21.4
CHANAS;NARBONNE SUD;;36.8;56.2;80.2;104.9;21.4
NARBONNE SUD;TAIN;;34.1;52.1;74.2;97.4;19.7
TAIN;NARBONNE SUD;;34.1;52.1;74.2;97.4;19.7
NARBONNE SUD;VALENCE NORD;;32.9;49.3;70.4;92.2;19.0
VALENCE NORD;NARBONNE SUD;;32.9;49.3;70.4;92.2;19.0
NARBONNE SUD;VALENCE SUD;;32.5;49.1;70.2;92.0;18.9
VALENCE SUD;NARBONNE SUD;;32.5;49.1;70.2;92.0;18.9
NARBONNE SUD;LORIOL;;29.5;45.5;64.1;82.9;16.7
LORIOL;NARBONNE SUD;;29.5;45.5;64.1;82.9;16.7
NARBONNE SUD;MONTELIMAR NORD;;27.9;42.5;60.6;79.5;15.9
MONTELIMAR NORD;NARBONNE SUD;;27.9;42.5;60.6;79.5;15.9
NARBONNE SUD;MONTELIMAR SUD;;25.2;38.3;55.2;72.3;14.4
MONTELIMAR SUD;NARBONNE SUD;;25.2;38.3;55.2;72.3;14.4
NARBONNE SUD;BOLLENE;;23.6;36.1;52.3;68.0;13.6
BOLLENE;NARBONNE SUD;;23.6;36.1;52.3;68.0;13.6
NARBONNE SUD;ORANGE NORD;;20.0;30.0;43.6;56.6;11.9
ORANGE NORD;NARBONNE SUD;;20.0;30.0;43.6;56.6;11.9
NARBONNE SUD;ORANGE;;19.9;29.8;42.6;54.5;11.7
ORANGE;NARBONNE SUD;;19.9;29.8;42.6;54.5;11.7
NARBONNE SUD;ROQUEMAURE;;19.0;28.4;42.4;54.1;11.2
ROQUEMAURE;NARBONNE SUD;;19.0;28.4;42.4;54.1;11.2
NARBONNE SUD;REMOULINS;;17.2;26.4;38.9;50.0;10.0
REMOULINS;NARBONNE SUD;;17.2;26.4;38.9;50.0;10.0
NARBONNE SUD;NIMES EST;;14.5;21.9;32.0;41.4;8.5
NIMES EST;NARBONNE SUD;;14.5;21.9;32.0;41.4;8.5
NARBONNE SUD;NIMES OUEST;;14.0;20.9;30.7;40.4;8.2
NIMES OUEST;NARBONNE SUD;;14.0;20.9;30.7;40.4;8.2
NARBONNE SUD;NIMES CENTRE;;14.1;21.3;31.7;40.5;8.3
NIMES CENTRE;NARBONNE SUD;;14.1;21.3;31.7;40.5;8.3
NARBONNE SUD;NIMES GARONS;;14.8;21.8;33.4;43.3;8.7
NIMES GARONS;NARBONNE SUD;;14.8;21.8;33.4;43.3;8.7
NARBONNE SUD;PEAGE D ARLES;;17.7;26.5;37.8;49.0;10.3
PEAGE D ARLES;NARBONNE SUD;;17.7;26.5;37.8;49.0;10.3
NARBONNE SUD;GALLARGUES;;11.9;17.6;25.4;32.3;7.0
GALLARGUES;NARBONNE SUD;;11.9;17.6;25.4;32.3;7.0
NARBONNE SUD;LUNEL;;11.5;17.2;24.5;31.4;6.8
LUNEL;NARBONNE SUD;;11.5;17.2;24.5;31.4;6.8
SIGEAN;PEAGE DE VIENNE;;44.8;69.6;97.3;127.3;26.5
PEAGE DE VIENNE;SIGEAN;;44.8;69.6;97.3;127.3;26.5
SIGEAN;AUBERIVES;;40.3;62.1;89.3;115.4;23.7
AUBERIVES;SIGEAN;;40.3;62.1;89.3;115.4;23.7
SIGEAN;CHANAS;;38.7;60.1;86.2;112.2;22.9
CHANAS;SIGEAN;;38.7;60.1;86.2;112.2;22.9
SIGEAN;TAIN;;35.9;55.8;80.3;104.4;21.2
TAIN;SIGEAN;;35.9;55.8;80.3;104.4;21.2
SIGEAN;VALENCE NORD;;34.8;53.0;76.7;99.4;20.3
VALENCE NORD;SIGEAN;;34.8;53.0;76.7;99.4;20.3
SIGEAN;VALENCE SUD;;34.4;52.8;76.5;99.2;20.2
VALENCE SUD;SIGEAN;;34.4;52.8;76.5;99.2;20.2
SIGEAN;LORIOL;;31.5;49.6;70.3;90.0;18.0
LORIOL;SIGEAN;;31.5;49.6;70.3;90.0;18.0
SIGEAN;MONTELIMAR NORD;;30.0;46.1;66.5;85.5;17.1
MONTELIMAR NORD;SIGEAN;;30.0;46.1;66.5;85.5;17.1
SIGEAN;MONTELIMAR SUD;;27.2;42.6;60.8;78.6;15.8
MONTELIMAR SUD;SIGEAN;;27.2;42.6;60.8;78.6;15.8
SIGEAN;BOLLENE;;26.0;40.5;58.1;75.4;14.9
BOLLENE;SIGEAN;;26.0;40.5;58.1;75.4;14.9
SIGEAN;ORANGE NORD;;22.5;34.0;48.6;63.2;13.2
ORANGE NORD;SIGEAN;;22.5;34.0;48.6;63.2;13.2
SIGEAN;ORANGE;;22.4;33.9;48.3;62.0;12.9
ORANGE;SIGEAN;;22.4;33.9;48.3;62.0;12.9
SIGEAN;ROQUEMAURE;;20.8;32.2;47.6;61.2;12.5
ROQUEMAURE;SIGEAN;;20.8;32.2;47.6;61.2;12.5
SIGEAN;REMOULINS;;19.4;30.8;44.7;57.6;11.6
REMOULINS;SIGEAN;;19.4;30.8;44.7;57.6;11.6
SIGEAN;NIMES EST;;16.6;26.1;37.9;48.7;9.8
NIMES EST;SIGEAN;;16.6;26.1;37.9;48.7;9.8
SIGEAN;NIMES OUEST;;15.9;25.0;36.8;47.3;9.6
NIMES OUEST;SIGEAN;;15.9;25.0;36.8;47.3;9.6
SIGEAN;NIMES CENTRE;;16.1;25.4;37.2;47.4;9.7
NIMES CENTRE;SIGEAN;;16.1;25.4;37.2;47.4;9.7
SIGEAN;NIMES GARONS;;17.1;25.7;39.6;51.4;9.9
NIMES GARONS;SIGEAN;;17.1;25.7;39.6;51.4;9.9
SIGEAN;PEAGE D ARLES;;20.0;30.3;43.5;56.1;11.8
PEAGE D ARLES;SIGEAN;;20.0;30.3;43.5;56.1;11.8
SIGEAN;GALLARGUES;;14.1;21.8;31.5;39.9;8.3
GALLARGUES;SIGEAN;;14.1;21.8;31.5;39.9;8.3
SIGEAN;LUNEL;;13.9;21.2;31.0;38.9;8.1
LUNEL;SIGEAN;;13.9;21.2;31.0;38.9;8.1
LEUCATE;PEAGE DE VIENNE;;45.3;70.4;98.4;129.2;26.7
PEAGE DE VIENNE;LEUCATE;;45.3;70.4;98.4;129.2;26.7
LEUCATE;AUBERIVES;;41.3;63.5;89.7;118.0;24.2
AUBERIVES;LEUCATE;;41.3;63.5;89.7;118.0;24.2
LEUCATE;CHANAS;;40.0;61.2;87.1;114.4;23.4
CHANAS;LEUCATE;;40.0;61.2;87.1;114.4;23.4
LEUCATE;TAIN;;37.2;56.8;81.2;106.6;21.6
TAIN;LEUCATE;;37.2;56.8;81.2;106.6;21.6
LEUCATE;VALENCE NORD;;35.6;54.5;77.6;102.0;20.8
VALENCE NORD;LEUCATE;;35.6;54.5;77.6;102.0;20.8
LEUCATE;VALENCE SUD;;35.2;54.3;77.4;101.8;20.7
VALENCE SUD;LEUCATE;;35.2;54.3;77.4;101.8;20.7
LEUCATE;LORIOL;;32.5;50.3;71.1;93.1;18.7
LORIOL;LEUCATE;;32.5;50.3;71.1;93.1;18.7
LEUCATE;MONTELIMAR NORD;;31.0;47.2;67.6;89.1;17.6
MONTELIMAR NORD;LEUCATE;;31.0;47.2;67.6;89.1;17.6
LEUCATE;MONTELIMAR SUD;;28.1;43.6;61.6;80.9;16.2
MONTELIMAR SUD;LEUCATE;;28.1;43.6;61.6;80.9;16.2
LEUCATE;BOLLENE;;26.9;41.2;59.0;77.7;15.4
BOLLENE;LEUCATE;;26.9;41.2;59.0;77.7;15.4
LEUCATE;ORANGE NORD;;23.1;35.3;50.2;66.8;13.6
ORANGE NORD;LEUCATE;;23.1;35.3;50.2;66.8;13.6
LEUCATE;ORANGE;;23.0;35.1;49.2;65.1;13.3
ORANGE;LEUCATE;;23.0;35.1;49.2;65.1;13.3
LEUCATE;ROQUEMAURE;;22.0;34.0;49.0;64.5;12.9
ROQUEMAURE;LEUCATE;;22.0;34.0;49.0;64.5;12.9
LEUCATE;REMOULINS;;20.3;31.6;45.4;59.8;11.9
REMOULINS;LEUCATE;;20.3;31.6;45.4;59.8;11.9
LEUCATE;NIMES EST;;18.2;27.6;39.1;51.5;10.2
NIMES EST;LEUCATE;;18.2;27.6;39.1;51.5;10.2
LEUCATE;NIMES OUEST;;17.2;25.9;37.8;50.4;9.9
NIMES OUEST;LEUCATE;;17.2;25.9;37.8;50.4;9.9
LEUCATE;NIMES CENTRE;;17.3;26.2;38.5;50.7;10.0
NIMES CENTRE;LEUCATE;;17.3;26.2;38.5;50.7;10.0
LEUCATE;NIMES GARONS;;18.1;27.2;40.6;54.0;10.4
NIMES GARONS;LEUCATE;;18.1;27.2;40.6;54.0;10.4
LEUCATE;PEAGE D ARLES;;21.0;31.3;44.3;58.9;12.1
PEAGE D ARLES;LEUCATE;;21.0;31.3;44.3;58.9;12.1
LEUCATE;GALLARGUES;;15.1;22.9;32.4;42.8;8.8
GALLARGUES;LEUCATE;;15.1;22.9;32.4;42.8;8.8
LEUCATE;LUNEL;;14.8;22.4;31.8;41.7;8.6
LUNEL;LEUCATE;;14.8;22.4;31.8;41.7;8.6
PERPIGNAN NORD;PEAGE DE VIENNE;;49.3;76.1;107.0;140.0;29.0
PEAGE DE VIENNE;PERPIGNAN NORD;;49.3;76.1;107.0;140.0;29.0
PERPIGNAN NORD;AUBERIVES;;45.0;69.2;98.3;129.1;26.3
AUBERIVES;PERPIGNAN NORD;;45.0;69.2;98.3;129.1;26.3
PERPIGNAN NORD;CHANAS;;43.7;67.1;95.4;126.1;25.5
CHANAS;PERPIGNAN NORD;;43.7;67.1;95.4;126.1;25.5
PERPIGNAN NORD;TAIN;;41.0;62.9;89.6;118.4;23.8
TAIN;PERPIGNAN NORD;;41.0;62.9;89.6;118.4;23.8
PERPIGNAN NORD;VALENCE NORD;;39.7;60.5;85.5;112.3;22.9
VALENCE NORD;PERPIGNAN NORD;;39.7;60.5;85.5;112.3;22.9
PERPIGNAN NORD;VALENCE SUD;;39.3;60.1;85.2;112.1;22.8
VALENCE SUD;PERPIGNAN NORD;;39.3;60.1;85.2;112.1;22.8
PERPIGNAN NORD;LORIOL;;36.4;56.3;79.6;104.0;20.9
LORIOL;PERPIGNAN NORD;;36.4;56.3;79.6;104.0;20.9
PERPIGNAN NORD;MONTELIMAR NORD;;34.9;53.4;75.2;99.7;20.1
MONTELIMAR NORD;PERPIGNAN NORD;;34.9;53.4;75.2;99.7;20.1
PERPIGNAN NORD;MONTELIMAR SUD;;32.1;49.5;70.2;92.5;18.5
MONTELIMAR SUD;PERPIGNAN NORD;;32.1;49.5;70.2;92.5;18.5
PERPIGNAN NORD;BOLLENE;;30.5;47.2;67.3;89.0;17.5
BOLLENE;PERPIGNAN NORD;;30.5;47.2;67.3;89.0;17.5
PERPIGNAN NORD;ORANGE NORD;;26.9;40.5;57.4;75.5;15.8
ORANGE NORD;PERPIGNAN NORD;;26.9;40.5;57.4;75.5;15.8
PERPIGNAN NORD;ORANGE;;26.8;40.4;57.3;75.1;15.5
ORANGE;PERPIGNAN NORD;;26.8;40.4;57.3;75.1;15.5
PERPIGNAN NORD;ROQUEMAURE;;25.8;39.3;57.1;74.5;15.2
ROQUEMAURE;PERPIGNAN NORD;;25.8;39.3;57.1;74.5;15.2
PERPIGNAN NORD;REMOULINS;;24.3;38.0;54.3;71.1;14.2
REMOULINS;PERPIGNAN NORD;;24.3;38.0;54.3;71.1;14.2
PERPIGNAN NORD;NIMES EST;;21.8;33.1;47.5;62.4;12.6
NIMES EST;PERPIGNAN NORD;;21.8;33.1;47.5;62.4;12.6
PERPIGNAN NORD;NIMES OUEST;;21.1;32.1;46.3;61.0;12.3
NIMES OUEST;PERPIGNAN NORD;;21.1;32.1;46.3;61.0;12.3
PERPIGNAN NORD;NIMES CENTRE;;21.2;32.5;46.8;61.2;12.4
NIMES CENTRE;PERPIGNAN NORD;;21.2;32.5;46.8;61.2;12.4
PERPIGNAN NORD;NIMES GARONS;;21.7;33.0;48.9;65.0;12.7
NIMES GARONS;PERPIGNAN NORD;;21.7;33.0;48.9;65.0;12.7
PERPIGNAN NORD;PEAGE D ARLES;;24.8;37.0;53.1;69.8;14.4
PEAGE D ARLES;PERPIGNAN NORD;;24.8;37.0;53.1;69.8;14.4
PERPIGNAN NORD;GALLARGUES;;18.9;28.6;41.0;53.5;10.9
GALLARGUES;PERPIGNAN NORD;;18.9;28.6;41.0;53.5;10.9
PERPIGNAN NORD;LUNEL;;18.5;28.2;40.1;52.2;10.7
LUNEL;PERPIGNAN NORD;;18.5;28.2;40.1;52.2;10.7
PERPIGNAN SUD;PEAGE DE VIENNE;;49.5;76.4;107.3;140.2;29.2
PEAGE DE VIENNE;PERPIGNAN SUD;;49.5;76.4;107.3;140.2;29.2
PERPIGNAN SUD;AUBERIVES;;45.2;69.5;98.5;129.3;26.4
AUBERIVES;PERPIGNAN SUD;;45.2;69.5;98.5;129.3;26.4
PERPIGNAN SUD;CHANAS;;43.9;67.4;95.6;126.3;25.7
CHANAS;PERPIGNAN SUD;;43.9;67.4;95.6;126.3;25.7
PERPIGNAN SUD;TAIN;;41.2;63.2;89.8;118.6;24.0
TAIN;PERPIGNAN SUD;;41.2;63.2;89.8;118.6;24.0
PERPIGNAN SUD;VALENCE NORD;;40.0;60.8;86.0;112.8;23.1
VALENCE NORD;PERPIGNAN SUD;;40.0;60.8;86.0;112.8;23.1
PERPIGNAN SUD;VALENCE SUD;;39.5;60.3;85.4;112.3;22.9
VALENCE SUD;PERPIGNAN SUD;;39.5;60.3;85.4;112.3;22.9
PERPIGNAN SUD;LORIOL;;36.6;56.6;79.9;104.3;21.0
LORIOL;PERPIGNAN SUD;;36.6;56.6;79.9;104.3;21.0
PERPIGNAN SUD;MONTELIMAR NORD;;35.1;53.7;75.5;99.9;20.2
MONTELIMAR NORD;PERPIGNAN SUD;;35.1;53.7;75.5;99.9;20.2
PERPIGNAN SUD;MONTELIMAR SUD;;32.3;49.8;70.4;92.7;18.6
MONTELIMAR SUD;PERPIGNAN SUD;;32.3;49.8;70.4;92.7;18.6
PERPIGNAN SUD;BOLLENE;;30.7;47.5;67.5;89.2;17.6
BOLLENE;PERPIGNAN SUD;;30.7;47.5;67.5;89.2;17.6
PERPIGNAN SUD;ORANGE NORD;;27.1;40.7;57.6;75.5;15.9
ORANGE NORD;PERPIGNAN SUD;;27.1;40.7;57.6;75.5;15.9
PERPIGNAN SUD;ORANGE;;27.0;40.6;57.5;75.1;15.6
ORANGE;PERPIGNAN SUD;;27.0;40.6;57.5;75.1;15.6
PERPIGNAN SUD;ROQUEMAURE;;26.0;39.6;57.3;74.8;15.3
ROQUEMAURE;PERPIGNAN SUD;;26.0;39.6;57.3;74.8;15.3
PERPIGNAN SUD;REMOULINS;;24.5;38.2;54.5;71.3;14.3
REMOULINS;PERPIGNAN SUD;;24.5;38.2;54.5;71.3;14.3
PERPIGNAN SUD;NIMES EST;;22.0;33.4;47.7;62.6;12.7
NIMES EST;PERPIGNAN SUD;;22.0;33.4;47.7;62.6;12.7
PERPIGNAN SUD;NIMES OUEST;;21.3;32.3;46.5;61.2;12.4
NIMES OUEST;PERPIGNAN SUD;;21.3;32.3;46.5;61.2;12.4
PERPIGNAN SUD;NIMES CENTRE;;21.4;32.7;47.0;61.4;12.5
NIMES CENTRE;PERPIGNAN SUD;;21.4;32.7;47.0;61.4;12.5
PERPIGNAN SUD;NIMES GARONS;;21.9;33.2;49.2;65.3;12.8
NIMES GARONS;PERPIGNAN SUD;;21.9;33.2;49.2;65.3;12.8
PERPIGNAN SUD;PEAGE D ARLES;;25.1;37.3;53.4;70.0;14.5
PEAGE D ARLES;PERPIGNAN SUD;;25.1;37.3;53.4;70.0;14.5
PERPIGNAN SUD;GALLARGUES;;19.2;29.0;41.5;54.0;11.0
GALLARGUES;PERPIGNAN SUD;;19.2;29.0;41.5;54.0;11.0
PERPIGNAN SUD;LUNEL;;18.8;28.7;40.7;52.7;10.8
LUNEL;PERPIGNAN SUD;;18.8;28.7;40.7;52.7;10.8
LE BOULOU SYSTEME FERME;PEAGE DE VIENNE;;52.6;81.3;111.8;146.3;30.1
PEAGE DE VIENNE;LE BOULOU SYSTEME FERME;;52.6;81.3;111.8;146.3;30.1
LE BOULOU SYSTEME FERME;AUBERIVES;;47.7;73.2;103.6;135.2;27.1
AUBERIVES;LE BOULOU SYSTEME FERME;;47.7;73.2;103.6;135.2;27.1
LE BOULOU SYSTEME FERME;CHANAS;;46.7;71.1;101.2;131.5;26.6
CHANAS;LE BOULOU SYSTEME FERME;;46.7;71.1;101.2;131.5;26.6
LE BOULOU SYSTEME FERME;TAIN;;44.0;67.2;95.1;124.0;24.9
TAIN;LE BOULOU SYSTEME FERME;;44.0;67.2;95.1;124.0;24.9
LE BOULOU SYSTEME FERME;VALENCE NORD;;42.6;64.3;91.5;118.6;24.1
VALENCE NORD;LE BOULOU SYSTEME FERME;;42.6;64.3;91.5;118.6;24.1
LE BOULOU SYSTEME FERME;VALENCE SUD;;42.2;64.1;91.3;118.4;24.0
VALENCE SUD;LE BOULOU SYSTEME FERME;;42.2;64.1;91.3;118.4;24.0
LE BOULOU SYSTEME FERME;LORIOL;;39.2;60.8;84.7;109.4;22.0
LORIOL;LE BOULOU SYSTEME FERME;;39.2;60.8;84.7;109.4;22.0
LE BOULOU SYSTEME FERME;MONTELIMAR NORD;;37.7;57.2;81.1;106.3;21.0
MONTELIMAR NORD;LE BOULOU SYSTEME FERME;;37.7;57.2;81.1;106.3;21.0
LE BOULOU SYSTEME FERME;MONTELIMAR SUD;;35.0;53.4;75.5;98.1;19.5
MONTELIMAR SUD;LE BOULOU SYSTEME FERME;;35.0;53.4;75.5;98.1;19.5
LE BOULOU SYSTEME FERME;BOLLENE;;33.6;51.1;72.8;94.6;18.7
BOLLENE;LE BOULOU SYSTEME FERME;;33.6;51.1;72.8;94.6;18.7
LE BOULOU SYSTEME FERME;ORANGE NORD;;29.7;44.7;62.8;81.5;16.8
ORANGE NORD;LE BOULOU SYSTEME FERME;;29.7;44.7;62.8;81.5;16.8
LE BOULOU SYSTEME FERME;ORANGE;;29.6;44.6;62.6;81.3;16.5
ORANGE;LE BOULOU SYSTEME FERME;;29.6;44.6;62.6;81.3;16.5
LE BOULOU SYSTEME FERME;ROQUEMAURE;;28.6;43.9;62.2;79.8;16.2
ROQUEMAURE;LE BOULOU SYSTEME FERME;;28.6;43.9;62.2;79.8;16.2
LE BOULOU SYSTEME FERME;REMOULINS;;27.3;41.7;59.6;76.8;15.1
REMOULINS;LE BOULOU SYSTEME FERME;;27.3;41.7;59.6;76.8;15.1
LE BOULOU SYSTEME FERME;NIMES EST;;25.0;37.6;53.5;68.2;13.5
NIMES EST;LE BOULOU SYSTEME FERME;;25.0;37.6;53.5;68.2;13.5
LE BOULOU SYSTEME FERME;NIMES OUEST;;23.8;36.3;52.1;67.1;13.3
NIMES OUEST;LE BOULOU SYSTEME FERME;;23.8;36.3;52.1;67.1;13.3
LE BOULOU SYSTEME FERME;NIMES CENTRE;;23.9;36.7;52.6;67.3;13.4
NIMES CENTRE;LE BOULOU SYSTEME FERME;;23.9;36.7;52.6;67.3;13.4
LE BOULOU SYSTEME FERME;NIMES GARONS;;24.8;36.9;54.6;70.9;13.6
NIMES GARONS;LE BOULOU SYSTEME FERME;;24.8;36.9;54.6;70.9;13.6
LE BOULOU SYSTEME FERME;PEAGE D ARLES;;27.8;41.2;57.2;75.4;15.2
PEAGE D ARLES;LE BOULOU SYSTEME FERME;;27.8;41.2;57.2;75.4;15.2
LE BOULOU SYSTEME FERME;GALLARGUES;;21.8;32.8;46.7;59.7;12.0
GALLARGUES;LE BOULOU SYSTEME FERME;;21.8;32.8;46.7;59.7;12.0
LE BOULOU SYSTEME FERME;LUNEL;;21.5;32.2;45.9;58.0;11.7
LUNEL;LE BOULOU SYSTEME FERME;;21.5;32.2;45.9;58.0;11.7
PEAGE DU PERTHUS;PEAGE DE VIENNE;;53.9;84.1;120.0;154.6;32.2
PEAGE DE VIENNE;PEAGE DU PERTHUS;;53.9;84.1;120.0;154.6;32.2
PEAGE DU PERTHUS;AUBERIVES;;50.7;78.3;110.4;142.7;29.8
AUBERIVES;PEAGE DU PERTHUS;;50.7;78.3;110.4;142.7;29.8
PEAGE DU PERTHUS;CHANAS;;49.4;76.2;107.0;138.9;28.8
CHANAS;PEAGE DU PERTHUS;;49.4;76.2;107.0;138.9;28.8
PEAGE DU PERTHUS;TAIN;;46.7;71.8;101.1;131.4;27.2
TAIN;PEAGE DU PERTHUS;;46.7;71.8;101.1;131.4;27.2
PEAGE DU PERTHUS;VALENCE NORD;;44.6;68.3;96.5;124.0;26.3
VALENCE NORD;PEAGE DU PERTHUS;;44.6;68.3;96.5;124.0;26.3
PEAGE DU PERTHUS;VALENCE SUD;;44.2;67.7;95.9;123.3;26.0
VALENCE SUD;PEAGE DU PERTHUS;;44.2;67.7;95.9;123.3;26.0
PEAGE DU PERTHUS;LORIOL;;42.1;65.3;92.1;118.0;24.3
LORIOL;PEAGE DU PERTHUS;;42.1;65.3;92.1;118.0;24.3
PEAGE DU PERTHUS;MONTELIMAR NORD;;40.0;61.9;87.4;112.4;23.3
MONTELIMAR NORD;PEAGE DU PERTHUS;;40.0;61.9;87.4;112.4;23.3
PEAGE DU PERTHUS;MONTELIMAR SUD;;37.3;58.1;81.2;105.2;21.5
MONTELIMAR SUD;PEAGE DU PERTHUS;;37.3;58.1;81.2;105.2;21.5
PEAGE DU PERTHUS;BOLLENE;;36.1;55.8;78.5;101.4;20.7
BOLLENE;PEAGE DU PERTHUS;;36.1;55.8;78.5;101.4;20.7
PEAGE DU PERTHUS;ORANGE NORD;;31.8;48.5;68.8;87.8;18.8
ORANGE NORD;PEAGE DU PERTHUS;;31.8;48.5;68.8;87.8;18.8
PEAGE DU PERTHUS;ORANGE;;31.7;48.3;68.5;87.4;18.7
ORANGE;PEAGE DU PERTHUS;;31.7;48.3;68.5;87.4;18.7
PEAGE DU PERTHUS;ROQUEMAURE;;31.2;47.9;68.1;86.8;18.4
ROQUEMAURE;PEAGE DU PERTHUS;;31.2;47.9;68.1;86.8;18.4
PEAGE DU PERTHUS;REMOULINS;;29.5;45.9;65.9;83.5;17.3
REMOULINS;PEAGE DU PERTHUS;;29.5;45.9;65.9;83.5;17.3
PEAGE DU PERTHUS;NIMES EST;;27.2;41.8;59.8;75.2;15.6
NIMES EST;PEAGE DU PERTHUS;;27.2;41.8;59.8;75.2;15.6
PEAGE DU PERTHUS;NIMES OUEST;;26.5;40.4;58.1;73.1;15.3
NIMES OUEST;PEAGE DU PERTHUS;;26.5;40.4;58.1;73.1;15.3
PEAGE DU PERTHUS;NIMES CENTRE;;26.6;40.6;58.3;73.7;15.4
NIMES CENTRE;PEAGE DU PERTHUS;;26.6;40.6;58.3;73.7;15.4
PEAGE DU PERTHUS;NIMES GARONS;;27.3;41.5;60.4;78.2;15.6
NIMES GARONS;PEAGE DU PERTHUS;;27.3;41.5;60.4;78.2;15.6
PEAGE DU PERTHUS;PEAGE D ARLES;;30.3;45.8;64.3;82.1;17.1
PEAGE D ARLES;PEAGE DU PERTHUS;;30.3;45.8;64.3;82.1;17.1
PEAGE DU PERTHUS;GALLARGUES;;24.5;37.1;52.8;66.1;14.0
GALLARGUES;PEAGE DU PERTHUS;;24.5;37.1;52.8;66.1;14.0
PEAGE DU PERTHUS;LUNEL;;24.1;36.5;52.3;64.9;13.7
LUNEL;PEAGE DU PERTHUS;;24.1;36.5;52.3;64.9;13.7
LEZIGNAN;PEAGE DE VIENNE;;44.6;69.4;96.7;126.9;26.4
PEAGE DE VIENNE;LEZIGNAN;;44.6;69.4;96.7;126.9;26.4
LEZIGNAN;AUBERIVES;;39.7;62.0;89.5;115.3;23.8
AUBERIVES;LEZIGNAN;;39.7;62.0;89.5;115.3;23.8
LEZIGNAN;CHANAS;;38.7;60.0;87.1;113.0;23.0
CHANAS;LEZIGNAN;;38.7;60.0;87.1;113.0;23.0
LEZIGNAN;TAIN;;35.9;55.6;80.9;105.1;21.2
TAIN;LEZIGNAN;;35.9;55.6;80.9;105.1;21.2
LEZIGNAN;VALENCE NORD;;34.9;52.1;77.3;100.2;20.5
VALENCE NORD;LEZIGNAN;;34.9;52.1;77.3;100.2;20.5
LEZIGNAN;VALENCE SUD;;34.5;51.9;77.0;100.0;20.4
VALENCE SUD;LEZIGNAN;;34.5;51.9;77.0;100.0;20.4
LEZIGNAN;LORIOL;;31.5;49.4;70.9;90.0;18.3
LORIOL;LEZIGNAN;;31.5;49.4;70.9;90.0;18.3
LEZIGNAN;MONTELIMAR NORD;;29.9;45.9;67.0;86.4;17.3
MONTELIMAR NORD;LEZIGNAN;;29.9;45.9;67.0;86.4;17.3
LEZIGNAN;MONTELIMAR SUD;;27.3;42.4;61.3;79.0;15.9
MONTELIMAR SUD;LEZIGNAN;;27.3;42.4;61.3;79.0;15.9
LEZIGNAN;BOLLENE;;25.9;39.9;58.7;76.1;15.1
BOLLENE;LEZIGNAN;;25.9;39.9;58.7;76.1;15.1
LEZIGNAN;ORANGE NORD;;22.4;34.1;49.3;64.0;13.3
ORANGE NORD;LEZIGNAN;;22.4;34.1;49.3;64.0;13.3
LEZIGNAN;ORANGE;;22.3;34.0;48.5;63.1;13.0
ORANGE;LEZIGNAN;;22.3;34.0;48.5;63.1;13.0
LEZIGNAN;ROQUEMAURE;;20.9;32.5;47.6;61.2;12.6
ROQUEMAURE;LEZIGNAN;;20.9;32.5;47.6;61.2;12.6
LEZIGNAN;REMOULINS;;19.7;30.6;45.4;58.3;11.6
REMOULINS;LEZIGNAN;;19.7;30.6;45.4;58.3;11.6
LEZIGNAN;NIMES EST;;16.9;26.1;38.6;49.4;9.8
NIMES EST;LEZIGNAN;;16.9;26.1;38.6;49.4;9.8
LEZIGNAN;NIMES OUEST;;16.2;25.0;37.3;48.1;9.5
NIMES OUEST;LEZIGNAN;;16.2;25.0;37.3;48.1;9.5
LEZIGNAN;NIMES CENTRE;;16.3;25.4;37.8;48.7;9.7
NIMES CENTRE;LEZIGNAN;;16.3;25.4;37.8;48.7;9.7
LEZIGNAN;NIMES GARONS;;17.0;25.7;40.0;51.0;10.0
NIMES GARONS;LEZIGNAN;;17.0;25.7;40.0;51.0;10.0
LEZIGNAN;PEAGE D ARLES;;19.9;29.7;43.8;56.9;11.9
PEAGE D ARLES;LEZIGNAN;;19.9;29.7;43.8;56.9;11.9
LEZIGNAN;GALLARGUES;;14.2;21.7;32.2;40.9;8.5
GALLARGUES;LEZIGNAN;;14.2;21.7;32.2;40.9;8.5
LEZIGNAN;LUNEL;;13.9;21.0;31.5;39.5;8.1
LUNEL;LEZIGNAN;;13.9;21.0;31.5;39.5;8.1
CARCASSONNE EST;PEAGE DE VIENNE;;48.7;75.3;104.7;137.0;28.9
PEAGE DE VIENNE;CARCASSONNE EST;;48.7;75.3;104.7;137.0;28.9
CARCASSONNE EST;AUBERIVES;;43.7;67.9;96.7;126.1;26.1
AUBERIVES;CARCASSONNE EST;;43.7;67.9;96.7;126.1;26.1
CARCASSONNE EST;CHANAS;;43.3;65.5;94.1;122.8;25.3
CHANAS;CARCASSONNE EST;;43.3;65.5;94.1;122.8;25.3
CARCASSONNE EST;TAIN;;40.6;61.3;88.2;115.3;23.7
TAIN;CARCASSONNE EST;;40.6;61.3;88.2;115.3;23.7
CARCASSONNE EST;VALENCE NORD;;39.2;58.5;84.7;110.0;22.8
VALENCE NORD;CARCASSONNE EST;;39.2;58.5;84.7;110.0;22.8
CARCASSONNE EST;VALENCE SUD;;38.8;58.3;84.4;109.8;22.7
VALENCE SUD;CARCASSONNE EST;;38.8;58.3;84.4;109.8;22.7
CARCASSONNE EST;LORIOL;;35.7;55.0;78.4;100.2;20.7
LORIOL;CARCASSONNE EST;;35.7;55.0;78.4;100.2;20.7
CARCASSONNE EST;MONTELIMAR NORD;;34.4;52.0;74.6;97.7;20.0
MONTELIMAR NORD;CARCASSONNE EST;;34.4;52.0;74.6;97.7;20.0
CARCASSONNE EST;MONTELIMAR SUD;;31.7;48.0;68.9;89.4;18.3
MONTELIMAR SUD;CARCASSONNE EST;;31.7;48.0;68.9;89.4;18.3
CARCASSONNE EST;BOLLENE;;30.2;45.7;66.0;85.4;17.4
BOLLENE;CARCASSONNE EST;;30.2;45.7;66.0;85.4;17.4
CARCASSONNE EST;ORANGE NORD;;26.9;39.3;56.8;73.5;15.5
ORANGE NORD;CARCASSONNE EST;;26.9;39.3;56.8;73.5;15.5
CARCASSONNE EST;ORANGE;;26.8;39.2;55.9;72.0;15.4
ORANGE;CARCASSONNE EST;;26.8;39.2;55.9;72.0;15.4
CARCASSONNE EST;ROQUEMAURE;;25.7;38.5;55.7;71.1;15.1
ROQUEMAURE;CARCASSONNE EST;;25.7;38.5;55.7;71.1;15.1
CARCASSONNE EST;REMOULINS;;24.1;36.5;53.4;68.3;14.1
REMOULINS;CARCASSONNE EST;;24.1;36.5;53.4;68.3;14.1
CARCASSONNE EST;NIMES EST;;21.4;31.9;46.7;59.4;12.5
NIMES EST;CARCASSONNE EST;;21.4;31.9;46.7;59.4;12.5
CARCASSONNE EST;NIMES OUEST;;20.7;31.1;45.5;58.1;12.1
NIMES OUEST;CARCASSONNE EST;;20.7;31.1;45.5;58.1;12.1
CARCASSONNE EST;NIMES CENTRE;;20.8;31.5;45.6;58.3;12.2
NIMES CENTRE;CARCASSONNE EST;;20.8;31.5;45.6;58.3;12.2
CARCASSONNE EST;NIMES GARONS;;21.5;31.7;48.0;61.9;12.5
NIMES GARONS;CARCASSONNE EST;;21.5;31.7;48.0;61.9;12.5
CARCASSONNE EST;PEAGE D ARLES;;24.6;36.4;52.2;66.9;14.2
PEAGE D ARLES;CARCASSONNE EST;;24.6;36.4;52.2;66.9;14.2
CARCASSONNE EST;GALLARGUES;;18.7;27.5;39.2;50.4;10.8
GALLARGUES;CARCASSONNE EST;;18.7;27.5;39.2;50.4;10.8
CARCASSONNE EST;LUNEL;;18.4;27.1;38.6;49.3;10.6
LUNEL;CARCASSONNE EST;;18.4;27.1;38.6;49.3;10.6
CARCASSONNE OUEST;PEAGE DE VIENNE;;48.9;75.6;105.6;137.6;29.1
PEAGE DE VIENNE;CARCASSONNE OUEST;;48.9;75.6;105.6;137.6;29.1
CARCASSONNE OUEST;AUBERIVES;;44.0;68.2;98.0;126.6;26.3
AUBERIVES;CARCASSONNE OUEST;;44.0;68.2;98.0;126.6;26.3
CARCASSONNE OUEST;CHANAS;;43.6;66.0;94.9;123.6;25.5
CHANAS;CARCASSONNE OUEST;;43.6;66.0;94.9;123.6;25.5
CARCASSONNE OUEST;TAIN;;40.9;61.8;89.1;116.1;23.9
TAIN;CARCASSONNE OUEST;;40.9;61.8;89.1;116.1;23.9
CARCASSONNE OUEST;VALENCE NORD;;39.5;59.3;85.6;111.1;23.1
VALENCE NORD;CARCASSONNE OUEST;;39.5;59.3;85.6;111.1;23.1
CARCASSONNE OUEST;VALENCE SUD;;39.0;58.9;85.1;110.6;22.9
VALENCE SUD;CARCASSONNE OUEST;;39.0;58.9;85.1;110.6;22.9
CARCASSONNE OUEST;LORIOL;;36.0;55.7;79.0;101.1;20.9
LORIOL;CARCASSONNE OUEST;;36.0;55.7;79.0;101.1;20.9
CARCASSONNE OUEST;MONTELIMAR NORD;;34.6;52.5;75.3;98.6;20.2
MONTELIMAR NORD;CARCASSONNE OUEST;;34.6;52.5;75.3;98.6;20.2
CARCASSONNE OUEST;MONTELIMAR SUD;;31.9;48.7;69.5;90.3;18.7
MONTELIMAR SUD;CARCASSONNE OUEST;;31.9;48.7;69.5;90.3;18.7
CARCASSONNE OUEST;BOLLENE;;30.5;46.5;66.6;86.5;17.6
BOLLENE;CARCASSONNE OUEST;;30.5;46.5;66.6;86.5;17.6
CARCASSONNE OUEST;ORANGE NORD;;27.2;40.0;57.5;73.9;15.7
ORANGE NORD;CARCASSONNE OUEST;;27.2;40.0;57.5;73.9;15.7
CARCASSONNE OUEST;ORANGE;;27.1;39.9;56.9;72.9;15.6
ORANGE;CARCASSONNE OUEST;;27.1;39.9;56.9;72.9;15.6
CARCASSONNE OUEST;ROQUEMAURE;;26.0;39.2;56.4;72.1;15.3
ROQUEMAURE;CARCASSONNE OUEST;;26.0;39.2;56.4;72.1;15.3
CARCASSONNE OUEST;REMOULINS;;24.5;37.2;54.2;69.3;14.3
REMOULINS;CARCASSONNE OUEST;;24.5;37.2;54.2;69.3;14.3
CARCASSONNE OUEST;NIMES EST;;21.6;32.6;47.5;60.5;12.7
NIMES EST;CARCASSONNE OUEST;;21.6;32.6;47.5;60.5;12.7
CARCASSONNE OUEST;NIMES OUEST;;21.0;31.7;46.3;58.8;12.3
NIMES OUEST;CARCASSONNE OUEST;;21.0;31.7;46.3;58.8;12.3
CARCASSONNE OUEST;NIMES CENTRE;;21.1;32.1;46.5;59.1;12.4
NIMES CENTRE;CARCASSONNE OUEST;;21.1;32.1;46.5;59.1;12.4
CARCASSONNE OUEST;NIMES GARONS;;21.7;32.4;48.7;62.9;12.7
NIMES GARONS;CARCASSONNE OUEST;;21.7;32.4;48.7;62.9;12.7
CARCASSONNE OUEST;PEAGE D ARLES;;24.8;36.7;53.0;68.0;14.5
PEAGE D ARLES;CARCASSONNE OUEST;;24.8;36.7;53.0;68.0;14.5
CARCASSONNE OUEST;GALLARGUES;;19.1;28.3;41.2;51.9;11.2
GALLARGUES;CARCASSONNE OUEST;;19.1;28.3;41.2;51.9;11.2
CARCASSONNE OUEST;LUNEL;;18.8;27.9;40.8;50.8;10.8
LUNEL;CARCASSONNE OUEST;;18.8;27.9;40.8;50.8;10.8
BRAM;PEAGE DE VIENNE;;51.6;79.2;111.2;146.2;30.8
PEAGE DE VIENNE;BRAM;;51.6;79.2;111.2;146.2;30.8
BRAM;AUBERIVES;;47.7;71.5;103.5;135.0;27.7
AUBERIVES;BRAM;;47.7;71.5;103.5;135.0;27.7
BRAM;CHANAS;;46.6;69.7;100.6;131.7;27.2
CHANAS;BRAM;;46.6;69.7;100.6;131.7;27.2
BRAM;TAIN;;43.9;65.4;94.8;124.0;25.5
TAIN;BRAM;;43.9;65.4;94.8;124.0;25.5
BRAM;VALENCE NORD;;42.2;63.3;91.0;118.6;24.7
VALENCE NORD;BRAM;;42.2;63.3;91.0;118.6;24.7
BRAM;VALENCE SUD;;41.8;62.9;90.8;118.4;24.6
VALENCE SUD;BRAM;;41.8;62.9;90.8;118.4;24.6
BRAM;LORIOL;;39.0;59.9;84.4;109.2;22.4
LORIOL;BRAM;;39.0;59.9;84.4;109.2;22.4
BRAM;MONTELIMAR NORD;;37.6;56.8;80.7;105.7;21.6
MONTELIMAR NORD;BRAM;;37.6;56.8;80.7;105.7;21.6
BRAM;MONTELIMAR SUD;;35.1;53.2;75.0;98.1;20.1
MONTELIMAR SUD;BRAM;;35.1;53.2;75.0;98.1;20.1
BRAM;BOLLENE;;33.6;50.8;72.2;94.4;19.3
BOLLENE;BRAM;;33.6;50.8;72.2;94.4;19.3
BRAM;ORANGE NORD;;30.1;44.9;62.4;81.4;17.5
ORANGE NORD;BRAM;;30.1;44.9;62.4;81.4;17.5
BRAM;ORANGE;;29.9;44.8;62.1;80.6;17.1
ORANGE;BRAM;;29.9;44.8;62.1;80.6;17.1
BRAM;ROQUEMAURE;;28.8;43.3;61.4;79.3;16.7
ROQUEMAURE;BRAM;;28.8;43.3;61.4;79.3;16.7
BRAM;REMOULINS;;27.0;41.1;59.3;76.5;15.6
REMOULINS;BRAM;;27.0;41.1;59.3;76.5;15.6
BRAM;NIMES EST;;24.5;37.3;53.2;68.3;14.2
NIMES EST;BRAM;;24.5;37.3;53.2;68.3;14.2
BRAM;NIMES OUEST;;23.8;36.2;51.5;67.0;13.8
NIMES OUEST;BRAM;;23.8;36.2;51.5;67.0;13.8
BRAM;NIMES CENTRE;;23.9;36.6;52.3;67.2;14.1
NIMES CENTRE;BRAM;;23.9;36.6;52.3;67.2;14.1
BRAM;NIMES GARONS;;24.9;37.3;53.9;70.6;14.2
NIMES GARONS;BRAM;;24.9;37.3;53.9;70.6;14.2
BRAM;PEAGE D ARLES;;27.1;41.0;57.7;75.1;16.0
PEAGE D ARLES;BRAM;;27.1;41.0;57.7;75.1;16.0
BRAM;GALLARGUES;;22.2;32.5;46.5;59.9;12.7
GALLARGUES;BRAM;;22.2;32.5;46.5;59.9;12.7
BRAM;LUNEL;;21.8;32.0;45.9;58.5;12.3
LUNEL;BRAM;;21.8;32.0;45.9;58.5;12.3
CASTELNAUDARY;PEAGE DE VIENNE;;52.5;82.4;117.4;153.5;31.5
PEAGE DE VIENNE;CASTELNAUDARY;;52.5;82.4;117.4;153.5;31.5
CASTELNAUDARY;AUBERIVES;;48.1;75.5;109.4;141.0;28.5
AUBERIVES;CASTELNAUDARY;;48.1;75.5;109.4;141.0;28.5
CASTELNAUDARY;CHANAS;;46.9;73.3;106.5;137.6;28.0
CHANAS;CASTELNAUDARY;;46.9;73.3;106.5;137.6;28.0
CASTELNAUDARY;TAIN;;44.2;69.0;100.6;130.1;26.3
TAIN;CASTELNAUDARY;;44.2;69.0;100.6;130.1;26.3
CASTELNAUDARY;VALENCE NORD;;43.2;65.9;96.6;124.9;25.4
VALENCE NORD;CASTELNAUDARY;;43.2;65.9;96.6;124.9;25.4
CASTELNAUDARY;VALENCE SUD;;42.8;65.7;96.4;124.6;25.3
VALENCE SUD;CASTELNAUDARY;;42.8;65.7;96.4;124.6;25.3
CASTELNAUDARY;LORIOL;;39.4;62.4;90.2;115.5;23.3
LORIOL;CASTELNAUDARY;;39.4;62.4;90.2;115.5;23.3
CASTELNAUDARY;MONTELIMAR NORD;;38.3;59.8;86.6;111.7;22.3
MONTELIMAR NORD;CASTELNAUDARY;;38.3;59.8;86.6;111.7;22.3
CASTELNAUDARY;MONTELIMAR SUD;;35.6;56.2;81.1;104.6;20.9
MONTELIMAR SUD;CASTELNAUDARY;;35.6;56.2;81.1;104.6;20.9
CASTELNAUDARY;BOLLENE;;34.3;53.8;78.4;101.3;20.1
BOLLENE;CASTELNAUDARY;;34.3;53.8;78.4;101.3;20.1
CASTELNAUDARY;ORANGE NORD;;30.5;47.0;68.5;86.8;18.2
ORANGE NORD;CASTELNAUDARY;;30.5;47.0;68.5;86.8;18.2
CASTELNAUDARY;ORANGE;;30.4;46.9;68.1;86.2;17.9
ORANGE;CASTELNAUDARY;;30.4;46.9;68.1;86.2;17.9
CASTELNAUDARY;ROQUEMAURE;;29.5;46.3;67.8;85.6;17.4
ROQUEMAURE;CASTELNAUDARY;;29.5;46.3;67.8;85.6;17.4
CASTELNAUDARY;REMOULINS;;28.3;44.1;65.0;83.3;16.5
REMOULINS;CASTELNAUDARY;;28.3;44.1;65.0;83.3;16.5
CASTELNAUDARY;NIMES EST;;25.6;40.2;59.0;74.5;14.9
NIMES EST;CASTELNAUDARY;;25.6;40.2;59.0;74.5;14.9
CASTELNAUDARY;NIMES OUEST;;24.9;38.9;57.8;73.8;14.6
NIMES OUEST;CASTELNAUDARY;;24.9;38.9;57.8;73.8;14.6
CASTELNAUDARY;NIMES CENTRE;;25.1;39.2;58.2;74.1;14.8
NIMES CENTRE;CASTELNAUDARY;;25.1;39.2;58.2;74.1;14.8
CASTELNAUDARY;NIMES GARONS;;25.9;39.5;59.9;77.3;15.1
NIMES GARONS;CASTELNAUDARY;;25.9;39.5;59.9;77.3;15.1
CASTELNAUDARY;PEAGE D ARLES;;28.1;43.5;63.3;81.7;16.7
PEAGE D ARLES;CASTELNAUDARY;;28.1;43.5;63.3;81.7;16.7
CASTELNAUDARY;GALLARGUES;;22.9;35.8;52.1;66.6;13.3
GALLARGUES;CASTELNAUDARY;;22.9;35.8;52.1;66.6;13.3
CASTELNAUDARY;LUNEL;;22.8;34.6;51.6;65.2;13.1
LUNEL;CASTELNAUDARY;;22.8;34.6;51.6;65.2;13.1
VILLEFRANCHE DE LAURAGAIS;PEAGE DE VIENNE;;56.0;85.9;119.6;155.4;32.8
PEAGE DE VIENNE;VILLEFRANCHE DE LAURAGAIS;;56.0;85.9;119.6;155.4;32.8
VILLEFRANCHE DE LAURAGAIS;AUBERIVES;;50.8;78.2;112.7;145.0;29.7
AUBERIVES;VILLEFRANCHE DE LAURAGAIS;;50.8;78.2;112.7;145.0;29.7
VILLEFRANCHE DE LAURAGAIS;CHANAS;;50.4;76.4;109.9;142.1;29.4
CHANAS;VILLEFRANCHE DE LAURAGAIS;;50.4;76.4;109.9;142.1;29.4
VILLEFRANCHE DE LAURAGAIS;TAIN;;47.2;71.7;103.5;133.7;27.2
TAIN;VILLEFRANCHE DE LAURAGAIS;;47.2;71.7;103.5;133.7;27.2
VILLEFRANCHE DE LAURAGAIS;VALENCE NORD;;46.5;69.5;100.4;128.4;26.5
VALENCE NORD;VILLEFRANCHE DE LAURAGAIS;;46.5;69.5;100.4;128.4;26.5
VILLEFRANCHE DE LAURAGAIS;VALENCE SUD;;46.1;69.3;100.2;128.2;26.3
VALENCE SUD;VILLEFRANCHE DE LAURAGAIS;;46.1;69.3;100.2;128.2;26.3
VILLEFRANCHE DE LAURAGAIS;LORIOL;;43.0;65.7;94.4;120.6;24.6
LORIOL;VILLEFRANCHE DE LAURAGAIS;;43.0;65.7;94.4;120.6;24.6
VILLEFRANCHE DE LAURAGAIS;MONTELIMAR NORD;;41.8;62.7;90.3;116.3;24.0
MONTELIMAR NORD;VILLEFRANCHE DE LAURAGAIS;;41.8;62.7;90.3;116.3;24.0
VILLEFRANCHE DE LAURAGAIS;MONTELIMAR SUD;;38.9;58.8;84.5;109.1;22.2
MONTELIMAR SUD;VILLEFRANCHE DE LAURAGAIS;;38.9;58.8;84.5;109.1;22.2
VILLEFRANCHE DE LAURAGAIS;BOLLENE;;37.1;56.3;81.3;104.5;21.1
BOLLENE;VILLEFRANCHE DE LAURAGAIS;;37.1;56.3;81.3;104.5;21.1
VILLEFRANCHE DE LAURAGAIS;ORANGE NORD;;34.0;50.0;71.9;90.0;19.1
ORANGE NORD;VILLEFRANCHE DE LAURAGAIS;;34.0;50.0;71.9;90.0;19.1
VILLEFRANCHE DE LAURAGAIS;ORANGE;;33.9;49.9;71.3;89.6;19.0
ORANGE;VILLEFRANCHE DE LAURAGAIS;;33.9;49.9;71.3;89.6;19.0
VILLEFRANCHE DE LAURAGAIS;ROQUEMAURE;;32.7;48.2;70.9;89.3;18.9
ROQUEMAURE;VILLEFRANCHE DE LAURAGAIS;;32.7;48.2;70.9;89.3;18.9
VILLEFRANCHE DE LAURAGAIS;REMOULINS;;30.8;47.0;68.7;87.7;17.8
REMOULINS;VILLEFRANCHE DE LAURAGAIS;;30.8;47.0;68.7;87.7;17.8
VILLEFRANCHE DE LAURAGAIS;NIMES EST;;28.3;43.0;62.0;78.6;16.1
NIMES EST;VILLEFRANCHE DE LAURAGAIS;;28.3;43.0;62.0;78.6;16.1
VILLEFRANCHE DE LAURAGAIS;NIMES OUEST;;27.8;41.8;60.8;77.1;15.7
NIMES OUEST;VILLEFRANCHE DE LAURAGAIS;;27.8;41.8;60.8;77.1;15.7
VILLEFRANCHE DE LAURAGAIS;NIMES CENTRE;;27.9;42.2;61.2;77.3;15.9
NIMES CENTRE;VILLEFRANCHE DE LAURAGAIS;;27.9;42.2;61.2;77.3;15.9
VILLEFRANCHE DE LAURAGAIS;NIMES GARONS;;28.7;42.9;63.2;81.2;16.3
NIMES GARONS;VILLEFRANCHE DE LAURAGAIS;;28.7;42.9;63.2;81.2;16.3
VILLEFRANCHE DE LAURAGAIS;PEAGE D ARLES;;30.6;46.5;67.4;85.0;18.0
PEAGE D ARLES;VILLEFRANCHE DE LAURAGAIS;;30.6;46.5;67.4;85.0;18.0
VILLEFRANCHE DE LAURAGAIS;GALLARGUES;;25.8;38.4;56.1;70.7;14.6
GALLARGUES;VILLEFRANCHE DE LAURAGAIS;;25.8;38.4;56.1;70.7;14.6
VILLEFRANCHE DE LAURAGAIS;LUNEL;;25.5;37.9;55.5;69.4;14.3
LUNEL;VILLEFRANCHE DE LAURAGAIS;;25.5;37.9;55.5;69.4;14.3
NAILLOUX;PEAGE DE VIENNE;;56.4;86.1;120.7;156.6;33.0
PEAGE DE VIENNE;NAILLOUX;;56.4;86.1;120.7;156.6;33.0
NAILLOUX;AUBERIVES;;51.6;78.6;113.5;146.4;30.0
AUBERIVES;NAILLOUX;;51.6;78.6;113.5;146.4;30.0
NAILLOUX;CHANAS;;50.6;76.7;110.8;143.1;29.6
CHANAS;NAILLOUX;;50.6;76.7;110.8;143.1;29.6
NAILLOUX;TAIN;;47.7;72.2;104.2;135.0;27.6
TAIN;NAILLOUX;;47.7;72.2;104.2;135.0;27.6
NAILLOUX;VALENCE NORD;;46.7;70.0;101.4;129.4;26.7
VALENCE NORD;NAILLOUX;;46.7;70.0;101.4;129.4;26.7
NAILLOUX;VALENCE SUD;;46.3;69.8;101.2;129.1;26.5
VALENCE SUD;NAILLOUX;;46.3;69.8;101.2;129.1;26.5
NAILLOUX;LORIOL;;43.4;66.2;95.1;121.7;24.8
LORIOL;NAILLOUX;;43.4;66.2;95.1;121.7;24.8
NAILLOUX;MONTELIMAR NORD;;42.0;63.1;91.1;117.4;24.2
MONTELIMAR NORD;NAILLOUX;;42.0;63.1;91.1;117.4;24.2
NAILLOUX;MONTELIMAR SUD;;39.1;59.4;85.2;110.0;22.4
MONTELIMAR SUD;NAILLOUX;;39.1;59.4;85.2;110.0;22.4
NAILLOUX;BOLLENE;;37.7;56.6;82.2;105.5;21.4
BOLLENE;NAILLOUX;;37.7;56.6;82.2;105.5;21.4
NAILLOUX;ORANGE NORD;;34.4;50.8;73.0;91.4;19.7
ORANGE NORD;NAILLOUX;;34.4;50.8;73.0;91.4;19.7
NAILLOUX;ORANGE;;34.3;50.6;72.7;91.2;19.3
ORANGE;NAILLOUX;;34.3;50.6;72.7;91.2;19.3
NAILLOUX;ROQUEMAURE;;33.1;49.2;72.5;91.0;19.1
ROQUEMAURE;NAILLOUX;;33.1;49.2;72.5;91.0;19.1
NAILLOUX;REMOULINS;;31.4;47.7;69.4;88.4;18.0
REMOULINS;NAILLOUX;;31.4;47.7;69.4;88.4;18.0
NAILLOUX;NIMES EST;;28.8;43.5;62.6;79.1;16.6
NIMES EST;NAILLOUX;;28.8;43.5;62.6;79.1;16.6
NAILLOUX;NIMES OUEST;;28.3;42.0;61.4;77.8;16.2
NIMES OUEST;NAILLOUX;;28.3;42.0;61.4;77.8;16.2
NAILLOUX;NIMES CENTRE;;28.4;42.4;62.0;78.3;16.3
NIMES CENTRE;NAILLOUX;;28.4;42.4;62.0;78.3;16.3
NAILLOUX;NIMES GARONS;;29.0;43.3;63.8;81.8;16.6
NIMES GARONS;NAILLOUX;;29.0;43.3;63.8;81.8;16.6
NAILLOUX;PEAGE D ARLES;;31.2;47.3;67.9;85.7;18.3
PEAGE D ARLES;NAILLOUX;;31.2;47.3;67.9;85.7;18.3
NAILLOUX;GALLARGUES;;26.0;38.7;56.8;71.2;14.9
GALLARGUES;NAILLOUX;;26.0;38.7;56.8;71.2;14.9
NAILLOUX;LUNEL;;25.8;38.2;56.0;69.9;14.6
LUNEL;NAILLOUX;;25.8;38.2;56.0;69.9;14.6
MAZERES SAVERDUN;PEAGE DE VIENNE;;56.6;86.9;121.7;157.1;33.2
PEAGE DE VIENNE;MAZERES SAVERDUN;;56.6;86.9;121.7;157.1;33.2
MAZERES SAVERDUN;AUBERIVES;;51.9;79.1;114.5;146.9;30.6
AUBERIVES;MAZERES SAVERDUN;;51.9;79.1;114.5;146.9;30.6
MAZERES SAVERDUN;CHANAS;;50.9;77.2;111.3;143.6;29.8
CHANAS;MAZERES SAVERDUN;;50.9;77.2;111.3;143.6;29.8
MAZERES SAVERDUN;TAIN;;47.9;72.8;104.7;135.5;27.9
TAIN;MAZERES SAVERDUN;;47.9;72.8;104.7;135.5;27.9
MAZERES SAVERDUN;VALENCE NORD;;46.9;70.5;102.7;129.9;27.1
VALENCE NORD;MAZERES SAVERDUN;;46.9;70.5;102.7;129.9;27.1
MAZERES SAVERDUN;VALENCE SUD;;46.5;70.3;102.4;129.6;26.9
VALENCE SUD;MAZERES SAVERDUN;;46.5;70.3;102.4;129.6;26.9
MAZERES SAVERDUN;LORIOL;;43.6;66.7;96.1;122.2;25.2
LORIOL;MAZERES SAVERDUN;;43.6;66.7;96.1;122.2;25.2
MAZERES SAVERDUN;MONTELIMAR NORD;;42.2;63.6;92.2;117.9;24.4
MONTELIMAR NORD;MAZERES SAVERDUN;;42.2;63.6;92.2;117.9;24.4
MAZERES SAVERDUN;MONTELIMAR SUD;;39.4;59.9;86.1;110.5;22.9
MONTELIMAR SUD;MAZERES SAVERDUN;;39.4;59.9;86.1;110.5;22.9
MAZERES SAVERDUN;BOLLENE;;38.1;57.2;83.4;106.3;22.1
BOLLENE;MAZERES SAVERDUN;;38.1;57.2;83.4;106.3;22.1
MAZERES SAVERDUN;ORANGE NORD;;34.6;52.4;75.8;93.3;20.9
ORANGE NORD;MAZERES SAVERDUN;;34.6;52.4;75.8;93.3;20.9
MAZERES SAVERDUN;ORANGE;;34.5;52.2;74.4;92.2;20.2
ORANGE;MAZERES SAVERDUN;;34.5;52.2;74.4;92.2;20.2
MAZERES SAVERDUN;ROQUEMAURE;;33.3;50.4;73.9;91.5;19.8
ROQUEMAURE;MAZERES SAVERDUN;;33.3;50.4;73.9;91.5;19.8
MAZERES SAVERDUN;REMOULINS;;31.6;48.2;70.9;88.9;18.8
REMOULINS;MAZERES SAVERDUN;;31.6;48.2;70.9;88.9;18.8
MAZERES SAVERDUN;NIMES EST;;29.3;45.3;63.8;79.9;17.2
NIMES EST;MAZERES SAVERDUN;;29.3;45.3;63.8;79.9;17.2
MAZERES SAVERDUN;NIMES OUEST;;28.6;43.1;62.8;79.1;16.9
NIMES OUEST;MAZERES SAVERDUN;;28.6;43.1;62.8;79.1;16.9
MAZERES SAVERDUN;NIMES CENTRE;;28.7;43.5;63.3;79.6;17.0
NIMES CENTRE;MAZERES SAVERDUN;;28.7;43.5;63.3;79.6;17.0
MAZERES SAVERDUN;NIMES GARONS;;29.2;43.8;64.9;82.3;17.7
NIMES GARONS;MAZERES SAVERDUN;;29.2;43.8;64.9;82.3;17.7
MAZERES SAVERDUN;PEAGE D ARLES;;31.7;47.8;68.9;86.2;18.8
PEAGE D ARLES;MAZERES SAVERDUN;;31.7;47.8;68.9;86.2;18.8
MAZERES SAVERDUN;GALLARGUES;;26.7;39.2;57.4;72.3;15.4
GALLARGUES;MAZERES SAVERDUN;;26.7;39.2;57.4;72.3;15.4
MAZERES SAVERDUN;LUNEL;;26.4;38.8;56.9;70.2;15.3
LUNEL;MAZERES SAVERDUN;;26.4;38.8;56.9;70.2;15.3
PEAGE DE PAMIERS;PEAGE DE VIENNE;;56.8;87.2;122.7;157.6;33.4
PEAGE DE VIENNE;PEAGE DE PAMIERS;;56.8;87.2;122.7;157.6;33.4
PEAGE DE PAMIERS;AUBERIVES;;52.2;79.6;115.6;147.4;30.8
AUBERIVES;PEAGE DE PAMIERS;;52.2;79.6;115.6;147.4;30.8
PEAGE DE PAMIERS;CHANAS;;51.1;77.7;111.8;144.1;30.1
CHANAS;PEAGE DE PAMIERS;;51.1;77.7;111.8;144.1;30.1
PEAGE DE PAMIERS;TAIN;;48.3;73.7;105.6;136.3;28.5
TAIN;PEAGE DE PAMIERS;;48.3;73.7;105.6;136.3;28.5
PEAGE DE PAMIERS;VALENCE NORD;;47.2;71.2;103.7;130.8;27.5
VALENCE NORD;PEAGE DE PAMIERS;;47.2;71.2;103.7;130.8;27.5
PEAGE DE PAMIERS;VALENCE SUD;;46.9;70.8;103.1;130.3;27.3
VALENCE SUD;PEAGE DE PAMIERS;;46.9;70.8;103.1;130.3;27.3
PEAGE DE PAMIERS;LORIOL;;43.9;67.2;97.1;123.6;25.5
LORIOL;PEAGE DE PAMIERS;;43.9;67.2;97.1;123.6;25.5
PEAGE DE PAMIERS;MONTELIMAR NORD;;42.4;64.1;93.2;118.4;24.7
MONTELIMAR NORD;PEAGE DE PAMIERS;;42.4;64.1;93.2;118.4;24.7
PEAGE DE PAMIERS;MONTELIMAR SUD;;39.9;60.4;87.1;111.0;23.1
MONTELIMAR SUD;PEAGE DE PAMIERS;;39.9;60.4;87.1;111.0;23.1
PEAGE DE PAMIERS;BOLLENE;;38.3;57.7;84.4;106.8;22.3
BOLLENE;PEAGE DE PAMIERS;;38.3;57.7;84.4;106.8;22.3
PEAGE DE PAMIERS;ORANGE NORD;;35.2;53.2;77.1;98.1;21.5
ORANGE NORD;PEAGE DE PAMIERS;;35.2;53.2;77.1;98.1;21.5
PEAGE DE PAMIERS;ORANGE;;35.1;52.8;75.6;96.4;20.6
ORANGE;PEAGE DE PAMIERS;;35.1;52.8;75.6;96.4;20.6
PEAGE DE PAMIERS;ROQUEMAURE;;33.7;50.9;74.9;93.8;20.0
ROQUEMAURE;PEAGE DE PAMIERS;;33.7;50.9;74.9;93.8;20.0
PEAGE DE PAMIERS;REMOULINS;;31.9;48.7;71.9;89.4;19.1
REMOULINS;PEAGE DE PAMIERS;;31.9;48.7;71.9;89.4;19.1
PEAGE DE PAMIERS;NIMES EST;;29.7;45.8;64.9;81.2;17.4
NIMES EST;PEAGE DE PAMIERS;;29.7;45.8;64.9;81.2;17.4
PEAGE DE PAMIERS;NIMES OUEST;;29.1;43.6;63.8;80.7;17.1
NIMES OUEST;PEAGE DE PAMIERS;;29.1;43.6;63.8;80.7;17.1
PEAGE DE PAMIERS;NIMES CENTRE;;29.2;44.0;64.4;81.0;17.3
NIMES CENTRE;PEAGE DE PAMIERS;;29.2;44.0;64.4;81.0;17.3
PEAGE DE PAMIERS;NIMES GARONS;;29.9;44.7;66.4;84.2;17.9
NIMES GARONS;PEAGE DE PAMIERS;;29.9;44.7;66.4;84.2;17.9
PEAGE DE PAMIERS;PEAGE D ARLES;;32.2;48.6;69.9;87.0;19.2
PEAGE D ARLES;PEAGE DE PAMIERS;;32.2;48.6;69.9;87.0;19.2
PEAGE DE PAMIERS;GALLARGUES;;27.5;40.5;58.6;76.9;15.7
GALLARGUES;PEAGE DE PAMIERS;;27.5;40.5;58.6;76.9;15.7
PEAGE DE PAMIERS;LUNEL;;27.0;40.1;58.1;73.1;15.6
LUNEL;PEAGE DE PAMIERS;;27.0;40.1;58.1;73.1;15.6
MONTGISCARD;PEAGE DE VIENNE;;56.2;86.1;121.3;157.4;33.1
PEAGE DE VIENNE;MONTGISCARD;;56.2;86.1;121.3;157.4;33.1
MONTGISCARD;AUBERIVES;;51.8;78.9;114.2;147.7;30.5
AUBERIVES;MONTGISCARD;;51.8;78.9;114.2;147.7;30.5
MONTGISCARD;CHANAS;;50.6;76.9;111.5;144.8;30.0
CHANAS;MONTGISCARD;;50.6;76.9;111.5;144.8;30.0
MONTGISCARD;TAIN;;47.7;72.3;105.1;136.3;28.1
TAIN;MONTGISCARD;;47.7;72.3;105.1;136.3;28.1
MONTGISCARD;VALENCE NORD;;46.7;70.2;102.0;131.8;27.0
VALENCE NORD;MONTGISCARD;;46.7;70.2;102.0;131.8;27.0
MONTGISCARD;VALENCE SUD;;46.3;70.0;101.8;131.6;26.9
VALENCE SUD;MONTGISCARD;;46.3;70.0;101.8;131.6;26.9
MONTGISCARD;LORIOL;;43.6;66.4;95.5;122.3;25.2
LORIOL;MONTGISCARD;;43.6;66.4;95.5;122.3;25.2
MONTGISCARD;MONTELIMAR NORD;;42.1;63.3;91.6;118.1;24.4
MONTELIMAR NORD;MONTGISCARD;;42.1;63.3;91.6;118.1;24.4
MONTGISCARD;MONTELIMAR SUD;;39.1;59.6;86.0;111.2;22.7
MONTELIMAR SUD;MONTGISCARD;;39.1;59.6;86.0;111.2;22.7
MONTGISCARD;BOLLENE;;37.7;56.8;83.1;107.4;21.8
BOLLENE;MONTGISCARD;;37.7;56.8;83.1;107.4;21.8
MONTGISCARD;ORANGE NORD;;34.4;50.8;73.3;93.5;20.2
ORANGE NORD;MONTGISCARD;;34.4;50.8;73.3;93.5;20.2
MONTGISCARD;ORANGE;;34.3;50.6;73.0;92.6;19.8
ORANGE;MONTGISCARD;;34.3;50.6;73.0;92.6;19.8
MONTGISCARD;ROQUEMAURE;;33.2;49.3;72.8;92.1;19.5
ROQUEMAURE;MONTGISCARD;;33.2;49.3;72.8;92.1;19.5
MONTGISCARD;REMOULINS;;31.4;47.9;70.2;89.0;18.5
REMOULINS;MONTGISCARD;;31.4;47.9;70.2;89.0;18.5
MONTGISCARD;NIMES EST;;28.9;43.8;63.4;80.7;16.8
NIMES EST;MONTGISCARD;;28.9;43.8;63.4;80.7;16.8
MONTGISCARD;NIMES OUEST;;28.4;42.0;62.3;79.3;16.5
NIMES OUEST;MONTGISCARD;;28.4;42.0;62.3;79.3;16.5
MONTGISCARD;NIMES CENTRE;;28.5;42.4;62.6;79.9;16.6
NIMES CENTRE;MONTGISCARD;;28.5;42.4;62.6;79.9;16.6
MONTGISCARD;NIMES GARONS;;29.0;43.5;65.1;82.2;16.9
NIMES GARONS;MONTGISCARD;;29.0;43.5;65.1;82.2;16.9
MONTGISCARD;PEAGE D ARLES;;31.4;47.3;68.4;87.3;18.8
PEAGE D ARLES;MONTGISCARD;;31.4;47.3;68.4;87.3;18.8
MONTGISCARD;GALLARGUES;;26.0;38.9;57.1;72.8;15.2
GALLARGUES;MONTGISCARD;;26.0;38.9;57.1;72.8;15.2
MONTGISCARD;LUNEL;;25.9;38.4;56.4;70.3;14.8
LUNEL;MONTGISCARD;;25.9;38.4;56.4;70.3;14.8
PEAGE DE TOULOUSE SUD OUEST;PEAGE DE VIENNE;;58.1;88.7;126.5;162.5;34.5
PEAGE DE VIENNE;PEAGE DE TOULOUSE SUD OUEST;;58.1;88.7;126.5;162.5;34.5
PEAGE DE TOULOUSE SUD OUEST;AUBERIVES;;54.4;83.6;121.4;154.4;31.8
AUBERIVES;PEAGE DE TOULOUSE SUD OUEST;;54.4;83.6;121.4;154.4;31.8
PEAGE DE TOULOUSE SUD OUEST;CHANAS;;53.3;80.9;118.6;151.6;31.5
CHANAS;PEAGE DE TOULOUSE SUD OUEST;;53.3;80.9;118.6;151.6;31.5
PEAGE DE TOULOUSE SUD OUEST;TAIN;;50.4;76.1;112.3;143.3;29.6
TAIN;PEAGE DE TOULOUSE SUD OUEST;;50.4;76.1;112.3;143.3;29.6
PEAGE DE TOULOUSE SUD OUEST;VALENCE NORD;;49.2;73.7;108.4;139.0;28.6
VALENCE NORD;PEAGE DE TOULOUSE SUD OUEST;;49.2;73.7;108.4;139.0;28.6
PEAGE DE TOULOUSE SUD OUEST;VALENCE SUD;;48.8;73.5;108.0;138.7;28.5
VALENCE SUD;PEAGE DE TOULOUSE SUD OUEST;;48.8;73.5;108.0;138.7;28.5
PEAGE DE TOULOUSE SUD OUEST;LORIOL;;45.8;71.1;102.7;129.8;26.6
LORIOL;PEAGE DE TOULOUSE SUD OUEST;;45.8;71.1;102.7;129.8;26.6
PEAGE DE TOULOUSE SUD OUEST;MONTELIMAR NORD;;44.8;67.5;98.1;124.9;25.9
MONTELIMAR NORD;PEAGE DE TOULOUSE SUD OUEST;;44.8;67.5;98.1;124.9;25.9
PEAGE DE TOULOUSE SUD OUEST;MONTELIMAR SUD;;41.7;63.9;93.3;118.8;24.2
MONTELIMAR SUD;PEAGE DE TOULOUSE SUD OUEST;;41.7;63.9;93.3;118.8;24.2
PEAGE DE TOULOUSE SUD OUEST;BOLLENE;;40.6;61.7;90.5;115.2;23.4
BOLLENE;PEAGE DE TOULOUSE SUD OUEST;;40.6;61.7;90.5;115.2;23.4
PEAGE DE TOULOUSE SUD OUEST;ORANGE NORD;;36.7;54.7;80.2;100.3;21.4
ORANGE NORD;PEAGE DE TOULOUSE SUD OUEST;;36.7;54.7;80.2;100.3;21.4
PEAGE DE TOULOUSE SUD OUEST;ORANGE;;36.6;54.6;79.6;99.4;21.1
ORANGE;PEAGE DE TOULOUSE SUD OUEST;;36.6;54.6;79.6;99.4;21.1
PEAGE DE TOULOUSE SUD OUEST;ROQUEMAURE;;35.6;53.6;79.2;99.3;20.8
ROQUEMAURE;PEAGE DE TOULOUSE SUD OUEST;;35.6;53.6;79.2;99.3;20.8
PEAGE DE TOULOUSE SUD OUEST;REMOULINS;;34.2;52.6;77.3;97.5;20.0
REMOULINS;PEAGE DE TOULOUSE SUD OUEST;;34.2;52.6;77.3;97.5;20.0
PEAGE DE TOULOUSE SUD OUEST;NIMES EST;;31.5;48.2;71.0;88.8;18.3
NIMES EST;PEAGE DE TOULOUSE SUD OUEST;;31.5;48.2;71.0;88.8;18.3
PEAGE DE TOULOUSE SUD OUEST;NIMES OUEST;;30.9;46.8;69.5;87.3;17.8
NIMES OUEST;PEAGE DE TOULOUSE SUD OUEST;;30.9;46.8;69.5;87.3;17.8
PEAGE DE TOULOUSE SUD OUEST;NIMES CENTRE;;31.1;47.1;70.0;87.4;18.0
NIMES CENTRE;PEAGE DE TOULOUSE SUD OUEST;;31.1;47.1;70.0;87.4;18.0
PEAGE DE TOULOUSE SUD OUEST;NIMES GARONS;;31.9;47.5;72.5;91.8;18.3
NIMES GARONS;PEAGE DE TOULOUSE SUD OUEST;;31.9;47.5;72.5;91.8;18.3
PEAGE DE TOULOUSE SUD OUEST;PEAGE D ARLES;;34.2;52.1;75.7;94.3;20.2
PEAGE D ARLES;PEAGE DE TOULOUSE SUD OUEST;;34.2;52.1;75.7;94.3;20.2
PEAGE DE TOULOUSE SUD OUEST;GALLARGUES;;29.0;43.6;64.1;79.8;16.5
GALLARGUES;PEAGE DE TOULOUSE SUD OUEST;;29.0;43.6;64.1;79.8;16.5
PEAGE DE TOULOUSE SUD OUEST;LUNEL;;28.7;42.9;63.5;78.6;16.2
LUNEL;PEAGE DE TOULOUSE SUD OUEST;;28.7;42.9;63.5;78.6;16.2
PEAGE DE TOULOUSE SUD EST;PEAGE DE VIENNE;;58.7;89.6;127.9;164.3;34.9
PEAGE DE VIENNE;PEAGE DE TOULOUSE SUD EST;;58.7;89.6;127.9;164.3;34.9
PEAGE DE TOULOUSE SUD EST;AUBERIVES;;55.0;84.5;122.8;156.2;32.2
AUBERIVES;PEAGE DE TOULOUSE SUD EST;;55.0;84.5;122.8;156.2;32.2
PEAGE DE TOULOUSE SUD EST;CHANAS;;53.9;81.8;120.0;153.4;31.9
CHANAS;PEAGE DE TOULOUSE SUD EST;;53.9;81.8;120.0;153.4;31.9
PEAGE DE TOULOUSE SUD EST;TAIN;;51.0;77.0;113.7;145.1;30.0
TAIN;PEAGE DE TOULOUSE SUD EST;;51.0;77.0;113.7;145.1;30.0
PEAGE DE TOULOUSE SUD EST;VALENCE NORD;;49.8;74.6;109.8;140.8;29.0
VALENCE NORD;PEAGE DE TOULOUSE SUD EST;;49.8;74.6;109.8;140.8;29.0
PEAGE DE TOULOUSE SUD EST;VALENCE SUD;;49.4;74.4;109.4;140.5;28.9
VALENCE SUD;PEAGE DE TOULOUSE SUD EST;;49.4;74.4;109.4;140.5;28.9
PEAGE DE TOULOUSE SUD EST;LORIOL;;46.4;72.0;104.1;131.6;27.0
LORIOL;PEAGE DE TOULOUSE SUD EST;;46.4;72.0;104.1;131.6;27.0
PEAGE DE TOULOUSE SUD EST;MONTELIMAR NORD;;45.4;68.4;99.5;126.7;26.3
MONTELIMAR NORD;PEAGE DE TOULOUSE SUD EST;;45.4;68.4;99.5;126.7;26.3
PEAGE DE TOULOUSE SUD EST;MONTELIMAR SUD;;42.3;64.8;94.7;120.6;24.6
MONTELIMAR SUD;PEAGE DE TOULOUSE SUD EST;;42.3;64.8;94.7;120.6;24.6
PEAGE DE TOULOUSE SUD EST;BOLLENE;;41.2;62.6;91.9;117.0;23.8
BOLLENE;PEAGE DE TOULOUSE SUD EST;;41.2;62.6;91.9;117.0;23.8
PEAGE DE TOULOUSE SUD EST;ORANGE NORD;;37.3;55.6;81.6;102.1;21.8
ORANGE NORD;PEAGE DE TOULOUSE SUD EST;;37.3;55.6;81.6;102.1;21.8
PEAGE DE TOULOUSE SUD EST;ORANGE;;37.2;55.5;81.0;101.2;21.5
ORANGE;PEAGE DE TOULOUSE SUD EST;;37.2;55.5;81.0;101.2;21.5
PEAGE DE TOULOUSE SUD EST;ROQUEMAURE;;36.2;54.5;80.6;101.1;21.2
ROQUEMAURE;PEAGE DE TOULOUSE SUD EST;;36.2;54.5;80.6;101.1;21.2
PEAGE DE TOULOUSE SUD EST;REMOULINS;;34.8;53.5;78.7;99.3;20.4
REMOULINS;PEAGE DE TOULOUSE SUD EST;;34.8;53.5;78.7;99.3;20.4
PEAGE DE TOULOUSE SUD EST;NIMES EST;;32.1;49.1;72.4;90.6;18.7
NIMES EST;PEAGE DE TOULOUSE SUD EST;;32.1;49.1;72.4;90.6;18.7
PEAGE DE TOULOUSE SUD EST;NIMES OUEST;;31.5;47.7;70.9;89.1;18.2
NIMES OUEST;PEAGE DE TOULOUSE SUD EST;;31.5;47.7;70.9;89.1;18.2
PEAGE DE TOULOUSE SUD EST;NIMES CENTRE;;31.7;48.0;71.4;89.2;18.4
NIMES CENTRE;PEAGE DE TOULOUSE SUD EST;;31.7;48.0;71.4;89.2;18.4
PEAGE DE TOULOUSE SUD EST;NIMES GARONS;;32.5;48.4;73.9;93.6;18.7
NIMES GARONS;PEAGE DE TOULOUSE SUD EST;;32.5;48.4;73.9;93.6;18.7
PEAGE DE TOULOUSE SUD EST;PEAGE D ARLES;;34.8;53.0;77.1;96.1;20.6
PEAGE D ARLES;PEAGE DE TOULOUSE SUD EST;;34.8;53.0;77.1;96.1;20.6
PEAGE DE TOULOUSE SUD EST;GALLARGUES;;29.6;44.5;65.5;81.6;16.9
GALLARGUES;PEAGE DE TOULOUSE SUD EST;;29.6;44.5;65.5;81.6;16.9
PEAGE DE TOULOUSE SUD EST;LUNEL;;29.3;43.8;64.9;80.4;16.6
LUNEL;PEAGE DE TOULOUSE SUD EST;;29.3;43.8;64.9;80.4;16.6
